Ndex,Cameo Pokémon,Card name,Set,#,TCGPlayer Link,Notes
1,Bulbasaur,Pokémon Valley,Miscellaneous Promos,-,https://www.tcgplayer.com/product/617252/Pokemon%20Japan-CoroCoro%20Promotional%20Cards-Pokemon%20Valley%20Jumbo?xid=addb6cb96-0831-497c-93c6-a9f380e9a8ad&Language=all,Jumbo
,,Town Volunteers,Aquapolis,136,https://www.tcgplayer.com/product/90006/pokemon-aquapolis-town-volunteers?Language=all&page=1,
,,Venture Bomb,Team Rocket Returns,93,https://www.tcgplayer.com/product/90310/pokemon-team-rocket-returns-venture-bomb?page=1&Language=English,
,,Rattata,Pokémon Rumble,15,https://www.tcgplayer.com/product/88620/pokemon-rumble-rattata?Language=English&page=1,
,,Champions Festival,XY Promos,176,https://www.tcgplayer.com/product/199330/pokemon-xy-promos-champions-festival-2016?page=1&Language=English,
,,Pikachu,XY-P Promos,279,https://www.tcgplayer.com/product/602183/pokemon-japan-xy-p-xy-promos-pikachu-279-xy-p?page=1&Language=all,Japanese
,,M Sachiko-EX,XY-P Promos,298,https://www.tcgcollector.com/cards/31820/m-sachiko-ex-xy-promos-298-xy-p,
,,Red's Challenge,Tag All Stars,201,https://www.tcgplayer.com/product/572855/pokemon-japan-sm12a-tag-team-gx-tag-all-stars-reds-challenge-201-173?page=1&Language=all,
,,Rescue Team DX's Pikachu,S-P Promos,36,https://www.tcgplayer.com/product/597256/pokemon-japan-s-p-sword-and-shield-promos-rescue-team-dxs-pikachu-036-s-p?page=1&Language=all,
,,Poké-lun TV's Pikachu and Friends,S-P Promos,-,https://www.tcgplayer.com/product/597518/pokemon-japan-s-p-sword-and-shield-promos-poke-lun-tvs-pikachu-and-friends-s-p?Language=all&page=1,Jumbo
,,Ditto,Delta Species,36,https://www.tcgplayer.com/product/84833/Pokemon-Delta%20Species-Ditto%20Bulbasaur?xid=a38ea5c53-334f-4220-ba36-dce9b92458c6&Language=English,Ditto's disguise
,,Team Rocket's Meowth,Wizards Promos,18,https://www.tcgplayer.com/product/89851/pokemon-wotc-promo-team-rockets-meowth?page=1&Language=English,silhouette
,,Pokémon Communication,Team Up,152b,https://www.tcgplayer.com/product/216702/pokemon-alternate-art-promos-pokemon-communication-152b-181?Language=English&page=1,
,,Champions Festival,SM Promos,231,https://www.tcgplayer.com/product/198360/pokemon-sm-promos-champions-festival-sm231-world-championships-2019?Language=English&page=1,picture
2,Ivysaur,Togepi,Southern Islands,4,https://www.tcgplayer.com/product/46478/pokemon-southern-islands-togepi?page=1&Language=English,only partially visible
,,Raticate,Southern Islands,6,https://www.tcgplayer.com/product/46480/pokemon-southern-islands-raticate?page=1&Language=English,
,,Gardenia's Vigor,Crown Zenith,GG61,https://www.tcgplayer.com/product/477058/pokemon-swsh-crown-zenith-galarian-gallery-gardenias-vigor?Language=English&page=1,
,,Bulbasaur,Mega Evolution,133,https://www.tcgplayer.com/product/654472/pokemon-me01-mega-evolution-bulbasaur-133-132?Language=English&page=1,
3,Venusaur,Charizard-EX,XY-P Promos,276,https://www.tcgplayer.com/product/602180/pokemon-japan-xy-p-xy-promos-charizard-ex-276-xy-p?page=1&Language=all,
,,Koko,Koko Illustration Contest,Parent-Child,https://bulbapedia.bulbagarden.net/wiki/Koko_(S-P_Promo_106),Jumbo
,,Charizard V,Brilliant Stars,154,https://www.tcgplayer.com/product/263873/pokemon-swsh09-brilliant-stars-charizard-v-alternate-full-art?page=1&Language=English,
,,Charizard V,SWSH Promos,260,https://www.tcgplayer.com/product/285384/pokemon-swsh-sword-and-shield-promo-cards-charizard-v-swsh260?Language=English&page=1,
,,Mega Venusaur ex,Mega Evolution,155,https://www.tcgplayer.com/product/654494/pokemon-me01-mega-evolution-mega-venusaur-ex-155-132?Language=English&page=1,
,,Mega Venusaur ex,Mega Evolution,177,https://www.tcgplayer.com/product/654516/pokemon-me01-mega-evolution-mega-venusaur-ex-177-132?Language=English&page=1,
,,Ivysaur,Mega Evolution,134,https://www.tcgplayer.com/product/654473/pokemon-me01-mega-evolution-ivysaur-134-132?Language=English&page=1,only partially visible
,Mega Venusaur,Venusaur Spirit Link,Evolutions,89,https://www.tcgplayer.com/product/124102/pokemon-xy-evolutions-venusaur-spirit-link?Language=English&page=1,
,,Mega Lucario ex,Mega Evolution,179,https://www.tcgplayer.com/product/654518/pokemon-me01-mega-evolution-mega-lucario-ex-179-132?Language=English&page=1,
4,Charmander,Pikachu's Summer Vacation,Miscellaneous Promos,-,https://www.tcgplayer.com/product/617250/Pokemon%20Japan-CoroCoro%20Promotional%20Cards-Pikachus%20Summer%20Vacation%20Jumbo?xid=abb634285-c643-43a8-af75-28bcf91bb5c2&Language=English,Jumbo
,,Weakness Guard,Aquapolis,141,https://www.tcgplayer.com/product/90530/pokemon-aquapolis-weakness-guard?page=1&Language=English,
,,Bulbasaur,DPt-P Promos,30,https://www.tcgplayer.com/product/613215/pokemon-japan-dpt-p-promotional-cards-bulbasaur-030-dpt-p?Language=all&page=1,
,,Champions Festival,XY Promos,176,https://www.tcgplayer.com/product/199330/pokemon-xy-promos-champions-festival-2016?page=1&Language=English,
,,Pikachu,XY-P Promos,279,https://www.tcgplayer.com/product/602183/pokemon-japan-xy-p-xy-promos-pikachu-279-xy-p?Language=all&page=1,
,,M Sachiko-EX,XY-P Promos,298,https://www.tcgcollector.com/cards/31820/m-sachiko-ex-xy-promos-298-xy-p,
,,Blue's Tactics,Tag All Stars,193,https://www.tcgcollector.com/cards/18744/blues-tactics-tag-all-stars-193-173,
,,Celebratory Fanfare,SV-P Promos,110,https://www.tcgplayer.com/product/587860/pokemon-japan-sv-p-promotional-cards-celebration-fanfare-110-sv-p?Language=all&page=1,
,,Mega Charizard X ex,Phantasmal Flames,125,https://www.tcgplayer.com/product/662184/pokemon-me02-phantasmal-flames-mega-charizard-x-ex-125-094?Language=all&page=1,
,,Ditto,Delta Species,37,https://www.tcgplayer.com/product/84834/pokemon-delta-species-ditto-037-113-charmander?Language=all&page=1,Ditto's disguise
,,Ditto,Delta Species,61,https://www.tcgplayer.com/product/84838/pokemon-delta-species-ditto-61-113-charmander?Language=all&page=1,
,,Pokémon Illustrator,Miscellaneous Promos,-,https://www.tcgcollector.com/cards/35134/pokemon-illustrator-miscellaneous-promos-no-032,drawing
,,Champions Festival,SM Promos,231,https://www.tcgplayer.com/product/198360/pokemon-sm-promos-champions-festival-sm231-world-championships-2019?page=1&Language=English,picture
5,Charmeleon,Swablu,Legendary Treasures,103,https://www.tcgplayer.com/product/89663/pokemon-legendary-treasures-swablu?Language=English&page=1,
,,Mega Charizard X ex,Phantasmal Flames,125,https://www.tcgplayer.com/product/662184/pokemon-me02-phantasmal-flames-mega-charizard-x-ex-125-094?Language=all&page=1,
6,Charizard,Mew,Southern Islands,1,https://www.tcgplayer.com/product/46466/pokemon-southern-islands-mew?Language=English&page=1,
,,New Year Present,Miscellaneous Promos,-,https://www.tcgplayer.com/product/617342/pokemon-japan-pokemon-card-fan-club-new-year-present-jumbo?page=1&Language=all,Jumbo
,,Lucky Stadium,Wizards Promos,41,https://www.tcgplayer.com/product/86894/pokemon-wotc-promo-lucky-stadium?page=1&Language=English,
,,Swap Spots,Next Quest,5,https://bulbapedia.bulbagarden.net/wiki/Swap_Spots_(Next_Quest_5),
,,,Groundbreakers,4,https://bulbapedia.bulbagarden.net/wiki/Swap_Spots_(Next_Quest_5),
,,Special Delivery Bidoof,SWSH Promos,177,https://www.tcgplayer.com/product/247386/pokemon-swsh-sword-and-shield-promo-cards-special-delivery-bidoof?Language=English&page=1,
,,Mewtwo VSTAR,Crown Zenith,GG44,https://www.tcgplayer.com/product/477057/pokemon-swsh-crown-zenith-galarian-gallery-mewtwo-vstar?page=1&Language=English,
,,Pikachu,SV Promos,101,https://www.tcgplayer.com/product/528365/pokemon-sv-scarlet-and-violet-promo-cards-pikachu-101?Language=English&page=1,
,,Pikachu,SV-P Promos,153,https://www.pricecharting.com/game/pokemon-chinese-promo/pikachu-153sv-p,this card was only released in Traditional Chinese
,,Mega Charizard X ex,Phantasmal Flames,109,https://www.tcgplayer.com/product/662183/pokemon-me02-phantasmal-flames-mega-charizard-x-ex-109-094?Language=English&page=1,
,,Mega Charizard X ex,Phantasmal Flames,125,https://www.tcgplayer.com/product/662184/pokemon-me02-phantasmal-flames-mega-charizard-x-ex-125-094?Language=all&page=1,
,,Greninja,Unbroken Bonds,117,https://www.tcgplayer.com/product/189217/pokemon-sm-unbroken-bonds-greninja?Language=English&page=1,shadow
,,Charmander,151,4,https://www.tcgplayer.com/product/502555/pokemon-sv-scarlet-and-violet-151-charmander-004-165?Language=English&page=1,
,,,Paldean Fates,7,https://www.tcgplayer.com/product/534142/pokemon-sv-paldean-fates-charmander-007-091?Language=English&page=1,
,,Team Rocket's Meowth,Wizards Promos,18,https://www.tcgplayer.com/product/89851/pokemon-wotc-promo-team-rockets-meowth?page=1&Language=English,silhouette
,,Influencer's Introduction,Start Deck 100 CoroCiao Version,19,https://www.tcgplayer.com/product/677316/pokemon-japan-mp1-start-deck-100-battle-collection-corociao-version-influencers-introduction?page=1&Language=all,plushie
,,Team Rocket's Wobbuffet,SV Promos,203,https://www.tcgplayer.com/product/635468/pokemon-sv-scarlet-and-violet-promo-cards-team-rockets-wobbuffet-pokemon-center-exclusive?Language=all&page=1,chip bag
,,The Masked Royal,Celestial Storm,139,https://www.tcgplayer.com/product/171000/pokemon-sm-celestial-storm-the-masked-royal?Language=all&page=1,Battle Royal Red Corner
,,Elesa's Sparkle,Crown Zenith,147,https://www.tcgplayer.com/product/477241/pokemon-swsh-crown-zenith-elesas-sparkle-full-art?Language=all&page=1,amusement park fixture
,Mega Charizard X,Charizard Spirit Link,Evolutions,75,https://www.tcgplayer.com/product/124088/pokemon-xy-evolutions-charizard-spirit-link?Language=all&page=1,
,,Poncho-wearing Pikachu,XY-P Promos,207,https://www.tcgplayer.com/product/602111/pokemon-japan-xy-p-xy-promos-poncho-wearing-pikachu-207-xy-p?page=1&Language=all,costume
,Mega Charizard Y,Charizard Spirit Link,Evolutions,75,https://www.tcgplayer.com/product/124088/pokemon-xy-evolutions-charizard-spirit-link?page=1&Language=English,
,,Mega Tokyo's Pikachu,XY-P Promos,98,https://www.tcgplayer.com/product/268261/pokemon-xy-promos-mega-tokyos-pikachu-98-xy-p?Language=English&page=1,costume
,,Mega Tokyo's Pikachu,XY-P Promos,204,https://www.tcgplayer.com/product/268262/pokemon-xy-promos-mega-tokyos-pikachu-204-xy-p?Language=all&page=1,
,,Poncho-wearing Pikachu,XY-P Promos,208,https://www.tcgplayer.com/product/602112/pokemon-japan-xy-p-xy-promos-poncho-wearing-pikachu-208-xy-p?page=1&Language=all,
7,Squirtle,Pikachu's Summer Vacation,Miscellaneous Promos,-,https://www.tcgplayer.com/product/617250/pokemon-japan-corocoro-promotional-cards-pikachus-summer-vacation-jumbo?page=1&Language=all,Jumbo
,,Pokémon Valley,Miscellaneous Promos,-,https://www.tcgplayer.com/product/617252/pokemon-japan-corocoro-promotional-cards-pokemon-valley-jumbo?page=1&Language=all,Jumbo
,,Misty's Tears,Gym Challenge,118,https://www.tcgplayer.com/product/87549/pokemon-gym-challenge-mistys-tears?page=1&Language=English,
,,Town Volunteers,Aquapolis,136,https://www.tcgplayer.com/product/90006/pokemon-aquapolis-town-volunteers?Language=English&page=1,
,,Tropical Present,Miscellaneous Promos,©2001,https://www.tcgplayer.com/product/617346/pokemon-japan-pokemon-card-fan-club-tropical-present-summer-2001-jumbo?page=1&Language=all,Jumbo
,,Champions Festival,XY Promos,176,https://www.tcgplayer.com/product/199330/pokemon-xy-promos-champions-festival-2016?page=1&Language=English,
,,Pikachu,XY-P Promos,279,https://www.tcgplayer.com/product/602183/pokemon-japan-xy-p-xy-promos-pikachu-279-xy-p?Language=all&page=1,
,,M Sachiko-EX,XY-P Promos,298,https://www.tcgcollector.com/cards/31820/m-sachiko-ex-xy-promos-298-xy-p,
,,Green's Exploration,Tag All Stars,196,https://www.tcgplayer.com/product/572850/Pokemon%20Japan-SM12a%20TAG%20TEAM%20GX%20Tag%20All%20Stars-Greens%20Exploration%20196%20173?xid=ac70fe1ae-3fbe-40cd-86ff-296ac32eae8a&Language=all,
,,Team Rocket's Meowth,Wizards Promos,18,https://www.tcgplayer.com/product/89851/pokemon-wotc-promo-team-rockets-meowth?page=1&Language=English,
,,Ditto,Delta Species,40,https://www.tcgplayer.com/product/84837/pokemon-delta-species-ditto-040-113-squirtle,Ditto's disguise
,,Ditto,Delta Species,64,https://www.tcgplayer.com/product/84841/pokemon-delta-species-ditto-64-113-squirtle,
,,Champions Festival,SM Promos,231,https://www.tcgplayer.com/product/198360/pokemon-sm-promos-champions-festival-sm231-world-championships-2019,picture
,,Flower Shop Lady,Undaunted,74,https://www.tcgplayer.com/product/85519/pokemon-undaunted-flower-shop-lady,Squirt Bottle
,,Chansey,Hidden Fates,46,https://www.tcgplayer.com/product/197691/pokemon-hidden-fates-chansey,
,,Hoopa V,Crown Zenith,GG53,https://www.tcgplayer.com/product/477181/pokemon-swsh-crown-zenith-galarian-gallery-hoopa-v,
,,Chikorita,MEP Promos,46,https://www.tcgplayer.com/product/686342/pokemon-me-mega-evolution-promo-chikorita-cosmos-holo,
,,Misty's Cerulean City Gym,Hidden Fates,61,https://www.tcgplayer.com/product/197716/pokemon-hidden-fates-mistys-cerulean-city-gym,mural
8,Wartortle,Togepi,Southern Islands,4,https://www.tcgplayer.com/product/46478/pokemon-southern-islands-togepi,
9,Blastoise,Pokémon Reversal,Expedition,146,https://www.tcgplayer.com/product/88238/pokemon-expedition-pokemon-reversal,
,,Pikachu,151,173,https://www.tcgplayer.com/product/513721/pokemon-sv-scarlet-and-violet-151-pikachu-173-165,
,,Makuhita,Furious Fists,51,https://www.tcgplayer.com/product/92228/pokemon-xy-furious-fists-makuhita,picture
,Mega Blastoise,Blastoise Spirit Link,Evolutions,73,https://www.tcgplayer.com/product/124086/pokemon-xy-evolutions-blastoise-spirit-link,
10,Caterpie,Light Wigglytuff,Neo Destiny,54,https://www.tcgplayer.com/product/86753/pokemon-neo-destiny-light-wigglytuff,
,,Pikachu,XY-P Promos,-,https://www.tcgplayer.com/product/114004/pokemon-xy-promos-pikachu,
,,Pikachu,Celebrations,5,https://www.tcgplayer.com/product/250303/pokemon-celebrations-pikachu,
,,Pikachu,151,173,https://www.tcgplayer.com/product/513721/pokemon-sv-scarlet-and-violet-151-pikachu-173-165,
12,Butterfree,Snubbull,Neo Revelation,55,https://www.tcgplayer.com/product/89411/pokemon-neo-revelation-snubbull,
,,Spiky-Eared Pichu M,2009 Card Design Contest,Kindergarten,https://www.tcgplayer.com/product/617338/pokemon-japan-pokemon-card-design-contest-spiky-eared-pichu-m-shunsuke-takemori,
,,Pikachu,Celebrations,5,https://www.tcgplayer.com/product/250303/pokemon-celebrations-pikachu,
,,Pikachu,151,173,https://www.tcgplayer.com/product/513721/pokemon-sv-scarlet-and-violet-151-pikachu-173-165,
,,Drampa,Temporal Forces,184,https://www.tcgplayer.com/product/542905/pokemon-sv05-temporal-forces-drampa-184-162,
,,Jigglypuff,Southern Islands,8,https://www.tcgplayer.com/product/46482/pokemon-southern-islands-jigglypuff,only partially visible
,,Team Rocket's Meowth,Wizards Promos,18,https://www.tcgplayer.com/product/89851/pokemon-wotc-promo-team-rockets-meowth,silhouette
13,Weedle,Scoop Up,Base Set,78,https://www.tcgplayer.com/product/42423/pokemon-base-set-scoop-up,
,,,Base Set 2,107,https://www.tcgplayer.com/product/42556/pokemon-base-set-2-scoop-up,
,,,Legendary Collection,104,https://www.tcgplayer.com/product/88973/pokemon-legendary-collection-scoop-up,
,,Gust of Wind,Base Set,93,https://www.tcgplayer.com/product/42437/pokemon-base-set-gust-of-wind,
,,,Base Set 2,120,https://www.tcgplayer.com/product/42562/pokemon-base-set-2-gust-of-wind,
,,Mr. Fuji,Fossil,58,https://www.tcgplayer.com/product/44460/pokemon-fossil-mr-fuji,
,,Pokémon Fan Club,POP Series 4,9,https://www.tcgplayer.com/product/88226/pokemon-pop-series-4-pokemon-fan-club,
,,Scoop Up,Next Quest,4,,
,,Wigglytuff,Crimson Invasion,72,https://www.tcgplayer.com/product/149098/pokemon-sm-crimson-invasion-wigglytuff,
,,Koko,Koko Illustration Contest,Parent-Child,,Jumbo
,,Gloom,Obsidian Flames,198,https://www.tcgplayer.com/product/509944/pokemon-sv03-obsidian-flames-gloom-198-197,
,,Pokémon Communication,Team Up,152b,https://www.tcgplayer.com/product/216702/pokemon-alternate-art-promos-pokemon-communication-152b-181?Language=English,silhouette
14,Kakuna,Switch,Base Set,95,https://www.tcgplayer.com/product/42439/pokemon-base-set-switch,
,,,Base Set 2,123,https://www.tcgplayer.com/product/42564/pokemon-base-set-2-switch,
,,,VS: Tropical Mega Battle,-,https://www.tcgplayer.com/product/615315/pokemon-japan-pokemon-vs-switch,
,,,Evolutions,88,https://www.tcgplayer.com/product/124101/pokemon-xy-evolutions-switch,
,,Pikachu,XY-P Promos,-,,
,,Komala,Lost Origin,149,https://www.tcgplayer.com/product/284077/pokemon-swsh11-lost-origin-komala,
15,Beedrill,Koga's Kakuna,Gym Challenge,47,https://www.tcgplayer.com/product/86510/pokemon-gym-challenge-kogas-kakuna,
,,Mew,XY-P Promos,-,,
,,Blaine's Quiz #1,Gym Heroes,97,https://www.tcgplayer.com/product/83879/pokemon-gym-heroes-blaines-quiz-1,silhouette
,Mega Beedrill,Beedrill Spirit Link,XY Promos,159,https://www.tcgplayer.com/product/125564/pokemon-xy-promos-beedrill-spirit-link-xy159,
16,Pidgey,Eevee,Hidden Fates,48,https://www.tcgplayer.com/product/197693/pokemon-hidden-fates-eevee-48,
,,Pikachu,151,173,https://www.tcgplayer.com/product/513721/pokemon-sv-scarlet-and-violet-151-pikachu-173-165,
,,Machoke,151,177,https://www.tcgplayer.com/product/517025/pokemon-sv-scarlet-and-violet-151-machoke-177-165,
,,Charmander,SV Promos,44,https://www.tcgplayer.com/product/512035/pokemon-sv-scarlet-and-violet-promo-cards-charmander-044,
,,Snorlax,SV Promos,51,https://www.tcgplayer.com/product/517175/pokemon-sv-scarlet-and-violet-promo-cards-snorlax-051,
,,Bulbasaur,Stellar Crown,143,https://www.tcgplayer.com/product/567418/pokemon-sv07-stellar-crown-bulbasaur,
,,Squirtle,Stellar Crown,148,https://www.tcgplayer.com/product/567429/pokemon-sv07-stellar-crown-squirtle,
,,Morty's Conviction,Temporal Forces,211,https://www.tcgplayer.com/product/542932/pokemon-sv05-temporal-forces-mortys-conviction-211-162,
,,Celebratory Fanfare,SV-P Promos,174,https://www.tcgplayer.com/product/587916/pokemon-japan-sv-p-promotional-cards-celebration-fanfare-174-sv-p,
,,Pikachu,Collection 151,170,,this card was only released in Simplified Chinese
18,Pidgeot,Mew,Southern Islands,1,https://www.tcgplayer.com/product/46466/pokemon-southern-islands-mew,only partially visible
,,Onix,Southern Islands,3,https://www.tcgplayer.com/product/46477/pokemon-southern-islands-onix,
,Mega Pidgeot,Pidgeot Spirit Link,Evolutions,81,https://www.tcgplayer.com/product/124094/pokemon-xy-evolutions-pidgeot-spirit-link,
19,Rattata,Lickitung,Southern Islands,16,https://www.tcgplayer.com/product/46473/pokemon-southern-islands-lickitung,
,,Light Jolteon,Neo Destiny,48,https://www.tcgplayer.com/product/86741/pokemon-neo-destiny-light-jolteon,
,,Mew ex,Paldean Fates,232,https://www.tcgplayer.com/product/534919/pokemon-sv-paldean-fates-mew-ex-232-091,
,,Team Rocket's Raticate,Destined Rivals,202,https://www.tcgplayer.com/product/633002/pokemon-sv10-destined-rivals-team-rockets-raticate-202-182,
,,Gumshoos,Mega Evolution,153,https://www.tcgplayer.com/product/654492/pokemon-me01-mega-evolution-gumshoos-153-132,
,,Raticate,Perfect Order,92,https://www.tcgplayer.com/product/684438/pokemon-me03-perfect-order-raticate-061-088,
20,Raticate,Ivysaur,Southern Islands,5,https://www.tcgplayer.com/product/46479/pokemon-southern-islands-ivysaur,only partially visible
21,Spearow,Sunkern,How I Became a Pokémon Card,-,https://www.tcgplayer.com/product/617209/pokemon-japan-how-i-became-a-pokemon-card-sunkern,
,,Exeggcute,Roaring Skies,1,https://www.tcgplayer.com/product/98037/pokemon-xy-roaring-skies-exeggcute,
,,Exeggutor,Roaring Skies,2,https://www.tcgplayer.com/product/98038/pokemon-xy-roaring-skies-exeggutor,
,,Dragonite V,Evolving Skies,192,https://www.tcgplayer.com/product/246758/pokemon-swsh07-evolving-skies-dragonite-v-alternate-full-art,
22,Fearow,Relic Hunter,Skyridge,120,https://www.tcgplayer.com/product/88683/pokemon-skyridge-relic-hunter,
,,Deino,Crimson Invasion,60,https://www.tcgplayer.com/product/149083/pokemon-sm-crimson-invasion-deino,
,,Dragonite V,Evolving Skies,192,https://www.tcgplayer.com/product/246758/pokemon-swsh07-evolving-skies-dragonite-v-alternate-full-art,
,,Ditto,Skyridge,51,https://www.tcgplayer.com/product/84830/pokemon-skyridge-ditto,wall painting
,,Eevee,Skyridge,54,https://www.tcgplayer.com/product/85077/pokemon-skyridge-eevee,
23,Ekans,Pikachu,Collection 151,172,,this card was only released in Simplified Chinese
,,Po Town,Burning Shadows,121,https://www.tcgplayer.com/product/138631/pokemon-sm-burning-shadows-po-town,graffiti
24,Arbok,Challenge!,Team Rocket,74,https://www.tcgplayer.com/product/84159/pokemon-team-rocket-challenge,
,,,Legendary Collection,106,https://www.tcgplayer.com/product/84160/pokemon-legendary-collection-challenge,
25,Pikachu,Mr. Fuji,Fossil,58,https://www.tcgplayer.com/product/44460/pokemon-fossil-mr-fuji,
,,No.1 Trainer,Official Tournament Promo,-,,
,,No.2 Trainer,Official Tournament Promo,-,,
,,No.3 Trainer,Official Tournament Promo,-,,
,,Pokémon Illustrator,Miscellaneous Promos,-,,
,,Pokémon Plaza,Miscellaneous Promos,-,https://www.tcgplayer.com/product/617251/pokemon-japan-corocoro-promotional-cards-pokemon-plaza-jumbo,Jumbo
,,Mewtwo Strikes Back,Miscellaneous Promos,-,https://www.tcgplayer.com/product/617243/pokemon-japan-corocoro-promotional-cards-mewtwo-strikes-back-jumbo,Jumbo
,,Tropical Present,Miscellaneous Promos,early '99,https://www.tcgplayer.com/product/617345/pokemon-japan-pokemon-card-fan-club-tropical-present-summer-1999-jumbo,Jumbo
,,Pokémon Valley,Miscellaneous Promos,-,https://www.tcgplayer.com/product/617252/pokemon-japan-corocoro-promotional-cards-pokemon-valley-jumbo,Jumbo
,,Machop,Expansion Sheet 2,-,,
,,Lucky Stadium,Wizards Promos,41,https://www.tcgplayer.com/product/86894/pokemon-wotc-promo-lucky-stadium,
,,No.1 Trainer,Battle Road Promo,-,,"has prints in Neo and e-Card layouts, with both girl and boy trainers"
,,No.2 Trainer,Battle Road Promo,-,,
,,No.3 Trainer,Battle Road Promo,-,,
,,Lucky Stadium,Hokkaidō World Challenge Promo,-,,
,,Pokémon Park,Aquapolis,131,https://www.tcgplayer.com/product/88230/pokemon-aquapolis-pokemon-park,
,,,POP Series 2,10,https://www.tcgplayer.com/product/88231/pokemon-pop-series-2-pokemon-park,
,,Pokémon Center Tokyo,P Promos,19,https://www.tcgplayer.com/product/613726/pokemon-japan-p-promotional-cards-pokemon-center-tokyo-019-p,
,,Tropical Tidal Wave,Nintendo Promos,27,https://www.tcgplayer.com/product/224551/pokemon-nintendo-promos-tropical-tidal-wave-027-2005-world-championships-staff,
,,Pokémon Fan Club,POP Series 4,9,https://www.tcgplayer.com/product/88226/pokemon-pop-series-4-pokemon-fan-club,
,,Victory Medal,Battle Road Spring Promo,-,https://www.tcgplayer.com/product/282504/pokemon-league-and-championship-cards-victory-medal-2006-2007-battle-road-spring,has prints in EX and DP layouts
,,Victory Medal,Battle Road Autumn Promo,-,,
,,Tropical Tidal Wave,Nintendo Promos,36,https://www.tcgplayer.com/product/224556/pokemon-nintendo-promos-tropical-tidal-wave-036-2006-world-championships-staff,
,,No.1 Trainer,World Championship Promo,-,https://www.tcgplayer.com/product/662991/pokemon-player-placement-trainer-promos-no-1-trainer-2012,"has prints in EX, DP, HS, and BW layouts"
,,No.2 Trainer,World Championship Promo,-,https://www.tcgplayer.com/product/662983/pokemon-player-placement-trainer-promos-no-2-trainer-2013,
,,No.3 Trainer,World Championship Promo,-,https://www.tcgplayer.com/product/662992/pokemon-player-placement-trainer-promos-no-3-trainer-2018,
,,No.4 Trainer,World Championship Promo,-,,regular print in BW layout
,,Victory Ring,Battle Road Promo,©2005,https://www.tcgplayer.com/product/617296/pokemon-japan-battle-road-victory-ring-2005,
,,Pokémon Pal City,Kantō Battle City Promo,-,https://www.tcgplayer.com/product/617278/pokemon-japan-battle-road-pokemon-pal-city-kanto,
,,Bulbasaur,DPt-P Promos,30,https://www.tcgplayer.com/product/613215/pokemon-japan-dpt-p-promotional-cards-bulbasaur-030-dpt-p,
,,Michina Temple,DPt-P Promos,44,https://www.tcgplayer.com/product/613231/pokemon-japan-dpt-p-promotional-cards-michina-temple-044-dpt-p,
,,Arceus,2009 Card Design Contest,3rd Grade,,
,,Arceus,2009 Card Design Contest,CoroCoro Comic,https://www.tcgplayer.com/product/617211/pokemon-japan-corocoro-promotional-cards-arceus-comic-competition,
,,Pokémon Communication,HeartGold & SoulSilver,98,https://www.tcgplayer.com/product/88220/pokemon-heartgold-soulsilver-pokemon-communication,
,,Slowpoke,Undaunted,66,https://www.tcgplayer.com/product/89333/pokemon-undaunted-slowpoke,
,,Tropical Tidal Wave,HGSS Promos,18,https://www.tcgplayer.com/product/97703/pokemon-hgss-promos-tropical-tidal-wave-hgss18-worlds-10-staff,
,,Victory Medal,L-P Promos,31,https://www.tcgplayer.com/product/608570/pokemon-japan-l-p-legends-promos-victory-medal-031-l-p,
,,Victory Medal,L-P Promos,32,https://www.tcgplayer.com/product/608571/pokemon-japan-l-p-legends-promos-victory-medal-032-l-p,
,,Victory Medal,L-P Promos,33,https://www.tcgplayer.com/product/608572/pokemon-japan-l-p-legends-promos-victory-medal-033-l-p,
,,Illusion's Zorua,2010 Card Design Contest,Kindergarten,,
,,Illusion's Zorua,2010 Card Design Contest,1st Grade,,
,,Illusion's Zorua,2010 Card Design Contest,Pokémon Fan,,
,,Tropical Beach,BW Promos,50,https://www.tcgplayer.com/product/90049/pokemon-black-and-white-promos-tropical-beach-bw50-worlds-12,
,,Champions Festival,BW Promos,95,https://www.tcgplayer.com/product/84162/pokemon-black-and-white-promos-champions-festival-bw95-worlds-13,
,,Eevee,BW Promos,97,https://www.tcgplayer.com/product/85096/pokemon-black-and-white-promos-eevee-bw97,
,,Tepig,BW-P Promos,-,,Jumbo
,,Oshawott,BW-P Promos,-,,Jumbo
,,Rayquaza,BW-P Promos,-,https://www.tcgplayer.com/product/635236/pokemon-japan-bw-p-promotional-cards-rayquaza-144-bw-p,Jumbo
,,Mewtwo,BW-P Promos,-,,Jumbo
,,Inkay,XY-P Promos,-,https://www.tcgplayer.com/product/602010/pokemon-japan-xy-p-xy-promos-inkay-105-xy-p,Jumbo
,,Victory Ring,XY-P Promos,3rd,,
,,Champions Festival,XY Promos,27,https://www.tcgplayer.com/product/96390/pokemon-xy-promos-champions-festival-xy27-2014,
,,No.1 Trainer,World Championship Promo,-,https://www.tcgplayer.com/product/662991/pokemon-player-placement-trainer-promos-no-1-trainer-2012,"has full art prints in XY, SM, and SWSH layouts"
,,No.2 Trainer,World Championship Promo,-,,has full art prints in XY and SM layouts
,,No.3 Trainer,World Championship Promo,-,,
,,No.4 Trainer,World Championship Promo,-,,
,,Chikorita,Generations,RC1,https://www.tcgplayer.com/product/113742/pokemon-generations-radiant-collection-chikorita,
,,Snorunt,Generations,RC7,https://www.tcgplayer.com/product/113749/pokemon-generations-radiant-collection-snorunt,
,,Champions Festival,XY Promos,91,https://www.tcgplayer.com/product/199311/pokemon-xy-promos-champions-festival-2015,
,,Hoopa,XY-P Promos,155,https://www.tcgplayer.com/product/602060/pokemon-japan-xy-p-xy-promos-hoopa-155-xy-p,
,,Champions Festival,XY Promos,176,https://www.tcgplayer.com/product/199330/pokemon-xy-promos-champions-festival-2016,
,,Togedemaru,Ash vs Team Rocket,6,https://www.tcgplayer.com/product/598635/pokemon-japan-smd-ash-vs-team-rocket-deck-kit-togedemaru,
,,Tauros,Ash vs Team Rocket,14,https://www.tcgplayer.com/product/598643/pokemon-japan-smd-ash-vs-team-rocket-deck-kit-tauros,
,,Victory Decoration,SM-P Promos,3rd,,
,,Champions Festival,SM Promos,78,https://www.tcgplayer.com/product/179429/pokemon-sm-promos-champions-festival-sm78-world-championships-2017,
,,Zeraora and Friends,SM-P Promos,-,,Jumbo
,,Player's Ceremony,SM-P Promos,248,https://www.tcgplayer.com/product/598325/pokemon-japan-sm-p-sun-and-moon-promos-players-ceremony-248-sm-p,
,,Abareru-kun,SM-P Promos,320,https://www.tcgplayer.com/product/598397/pokemon-japan-sm-p-sun-and-moon-promos-abareru-kun-320-sm-p,
,,Champions Festival,SM Promos,148,https://www.tcgplayer.com/product/175064/pokemon-sm-promos-champions-festival-sm148-world-championships-2018,
,,Player's Ceremony,SM-P Promos,398,https://www.tcgplayer.com/product/598475/pokemon-japan-sm-p-sun-and-moon-promos-players-ceremony-398-sm-p,
,,Snorlax,Unbroken Bonds,158,https://www.tcgplayer.com/product/189260/pokemon-sm-unbroken-bonds-snorlax,
,,Munna,Unified Minds,88,https://www.tcgplayer.com/product/195020/pokemon-sm-unified-minds-munna,
,,Coach Trainer,Unified Minds,192,https://www.tcgplayer.com/product/195227/pokemon-sm-unified-minds-coach-trainer,
,,Marshadow,Cosmic Eclipse,103,https://www.tcgplayer.com/product/201278/pokemon-sm-cosmic-eclipse-marshadow,
,,Champions Festival,SM Promos,231,https://www.tcgplayer.com/product/198360/pokemon-sm-promos-champions-festival-sm231-world-championships-2019,
,,Magikarp,Rebel Clash,39,https://www.tcgplayer.com/product/213117/pokemon-swsh02-rebel-clash-magikarp,
,,Special Delivery Charizard,SWSH Promos,75,https://www.tcgplayer.com/product/282259/pokemon-swsh-sword-and-shield-promo-cards-special-delivery-charizard-swsh075,
,,Koko,Koko Illustration Contest,Parent-Child,,Jumbo
,,Koko,Koko Illustration Contest,Twitter,,Jumbo
,,Player's Ceremony,S-P Promos,127,https://www.tcgplayer.com/product/597328/pokemon-japan-s-p-sword-and-shield-promos-players-ceremony-127-s-p,
,,Glaceon VMAX,Evolving Skies,209,https://www.tcgplayer.com/product/246756/pokemon-swsh07-evolving-skies-glaceon-vmax-alternate-art-secret,
,,Celebratory Fanfare,S-P Promos,254,https://www.tcgplayer.com/product/597427/pokemon-japan-s-p-sword-and-shield-promos-celebration-fanfare-254-s-p,
,,Celebratory Fanfare,S-P Promos,306,https://www.tcgplayer.com/product/597479/pokemon-japan-s-p-sword-and-shield-promos-celebration-fanfare-306-s-p,
,,Champions Festival,SWSH Promos,296,https://www.tcgplayer.com/product/575154/pokemon-swsh-sword-and-shield-promo-cards-champions-festival-swsh296-world-championships-2022,
,,Victory Proof,S-P Promos,3rd,https://www.tcgplayer.com/product/597526/pokemon-japan-s-p-sword-and-shield-promos-victory-proof-3rd,
,,Victory Symbol,SV-P Promos,3rd,https://www.tcgplayer.com/product/587929/pokemon-japan-sv-p-promotional-cards-victory-symbol-3rd,
,,Celebratory Fanfare,SV-P Promos,110,https://www.tcgplayer.com/product/587860/pokemon-japan-sv-p-promotional-cards-celebration-fanfare-110-sv-p,
,,No.1 Trainer,World Championship Promo,-,,full art print in SV layout
,,No.2 Trainer,World Championship Promo,-,https://www.tcgplayer.com/product/662983/pokemon-player-placement-trainer-promos-no-2-trainer-2013,
,,No.3 Trainer,World Championship Promo,-,,
,,No.4 Trainer,World Championship Promo,-,,
,,Paradise Resort,SV Promos,45,https://www.tcgplayer.com/product/518863/pokemon-sv-scarlet-and-violet-promo-cards-paradise-resort-045-world-championships-2023,
,,Celebratory Fanfare,SV-P Promos,174,https://www.tcgplayer.com/product/587916/pokemon-japan-sv-p-promotional-cards-celebration-fanfare-174-sv-p,
,,Paradise Resort,SV Promos,150,https://www.tcgplayer.com/product/578146/pokemon-sv-scarlet-and-violet-promo-cards-paradise-resort-150-world-championships-2024,
,,Terapagos & Friends,SV Promos,-,https://www.tcgplayer.com/product/595035/pokemon-jumbo-cards-terapagos-and-friends,Jumbo
,,Paradise Resort,SV Promos,224,https://www.tcgplayer.com/product/649232/pokemon-sv-scarlet-and-violet-promo-cards-paradise-resort-224-world-championships-2025,
,,Marshadow,Mega Evolution,146,https://www.tcgplayer.com/product/654485/pokemon-me01-mega-evolution-marshadow-146-132,
,,Celebratory Fanfare,MEP Promos,28,https://www.tcgplayer.com/product/681244/pokemon-me-mega-evolution-promo-celebratory-fanfare-ace-trainer,
,,Magikarp,M-P Promos,40,,this card was only released in Korean
,,Togepi,Southern Islands,4,https://www.tcgplayer.com/product/46478/pokemon-southern-islands-togepi,only partially visible
,,Ivysaur,Southern Islands,5,https://www.tcgplayer.com/product/46479/pokemon-southern-islands-ivysaur,
,,Machamp,Wizards Promos,43,https://www.tcgplayer.com/product/86961/pokemon-wotc-promo-machamp,
,,Larvitar,P Promos,5,https://www.tcgplayer.com/product/613713/pokemon-japan-p-promotional-cards-larvitar-005-p,
,,Ditto,Delta Species,39,https://www.tcgplayer.com/product/84836/pokemon-delta-species-ditto-039-113-pikachu,Ditto's disguise
,,Ditto,Delta Species,63,https://www.tcgplayer.com/product/84840/pokemon-delta-species-ditto-63-113-pikachu,
,,Ditto,XY Promos,40,https://www.tcgplayer.com/product/96415/pokemon-xy-promos-ditto,
,,Ditto,SV-P Promos,173,https://www.tcgplayer.com/product/587909/pokemon-japan-sv-p-promotional-cards-ditto-166-sv-p,Ditto's disguise; this card was only released in Korean
,,Ruin Wall,Crossing the Ruins...,-,https://www.tcgplayer.com/product/575445/pokemon-japan-crossing-the-ruins-ruin-wall-kabuto,shadow
,,Team Rocket's Meowth,Wizards Promos,18,https://www.tcgplayer.com/product/89851/pokemon-wotc-promo-team-rockets-meowth,silhouette
,,Pokémon Communication,Team Up,152b,https://www.tcgplayer.com/product/216702/pokemon-alternate-art-promos-pokemon-communication-152b-181?Language=English,
,,Mimikyu,SM Promos,163,https://www.tcgplayer.com/product/184487/pokemon-sm-promos-mimikyu-sm163,
,,Mimikyu,SM-P Promos,289,https://www.tcgplayer.com/product/598366/pokemon-japan-sm-p-sun-and-moon-promos-mimikyu-289-sm-p,
,,Chespin,Art Academy Promo,Gabi,,
,,Bulbasaur,MEP Promos,37,https://www.tcgplayer.com/product/684461/pokemon-me-mega-evolution-promo-bulbasaur-037,
,,Copycat,Expedition,138,https://www.tcgplayer.com/product/84423/pokemon-expedition-copycat,costume
,,,Team Rocket Returns,83,https://www.tcgplayer.com/product/84424/pokemon-team-rocket-returns-copycat,
,,,Dragon Frontiers,73,https://www.tcgplayer.com/product/84425/pokemon-dragon-frontiers-copycat,
,,,Celestial Storm,127,https://www.tcgplayer.com/product/170988/pokemon-sm-celestial-storm-copycat,
,,Copycat,Celestial Storm,163,https://www.tcgplayer.com/product/171015/pokemon-sm-celestial-storm-copycat-full-art,
,,Poké Kid,Sword & Shield,173,https://www.tcgplayer.com/product/208503/pokemon-swsh01-sword-and-shield-base-set-poke-kid,
,,Kirlia,Scarlet & Violet,212,https://www.tcgplayer.com/product/490072/pokemon-sv01-scarlet-and-violet-base-set-kirlia-212-198,
,,Pokémon Fan Club,Ultra Prism,133,https://www.tcgplayer.com/product/157749/pokemon-sm-ultra-prism-pokemon-fan-club,clothing design
,,,TCG Classic: Venusaur Deck,22,https://www.tcgplayer.com/product/591969/pokemon-japan-pokemon-tcg-classic-venusaur-pokemon-fan-club-clf,
,,,TCG Classic: Charizard Deck,22,https://www.tcgplayer.com/product/591936/pokemon-japan-pokemon-tcg-classic-charizard-pokemon-fan-club-cll,
,,,TCG Classic: Blastoise Deck,24,https://www.tcgplayer.com/product/591902/pokemon-japan-pokemon-tcg-classic-blastoise-pokemon-fan-club-clb,
,,Pokémon Fan Club,Ultra Prism,155,https://www.tcgplayer.com/product/157771/pokemon-sm-ultra-prism-pokemon-fan-club-full-art,
,,Kieran,Twilight Masquerade,218,https://www.tcgplayer.com/product/550262/pokemon-sv06-twilight-masquerade-kieran-218-167,mask
,,Peonia,Chilling Reign,149,https://www.tcgplayer.com/product/241852/pokemon-swsh06-chilling-reign-peonia,earrings
,,Peonia,Chilling Reign,196,https://www.tcgplayer.com/product/241853/pokemon-swsh06-chilling-reign-peonia-full-art,
,,,Chilling Reign,219,https://www.tcgplayer.com/product/241854/pokemon-swsh06-chilling-reign-peonia-secret,
,,Cubone,BREAKthrough,77,https://www.tcgplayer.com/product/107196/pokemon-xy-breakthrough-cubone,backpack
,,Sabrina's ESP,Gym Heroes,117,https://www.tcgplayer.com/product/88869/pokemon-gym-heroes-sabrinas-esp,plushie
,,Pokémon Center Lady,Flashfire,93,https://www.tcgplayer.com/product/91230/pokemon-xy-flashfire-pokemon-center-lady,
,,,Generations,68,https://www.tcgplayer.com/product/113726/pokemon-generations-pokemon-center-lady,
,,Miriam,Scarlet & Violet,251,https://www.tcgplayer.com/product/487061/pokemon-sv01-scarlet-and-violet-base-set-miriam-251-198,
,,Eevee,SV Promos,173,https://www.tcgplayer.com/product/610758/pokemon-sv-scarlet-and-violet-promo-cards-eevee-173,
,,Whimsicott,Fates Collide,71,https://www.tcgplayer.com/product/117846/pokemon-xy-fates-collide-whimsicott,pillow
,,Sophocles,Burning Shadows,123,https://www.tcgplayer.com/product/138618/pokemon-sm-burning-shadows-sophocles,robot
,,,Shining Legends,65,https://www.tcgplayer.com/product/146732/pokemon-shining-legends-sophocles,
,,Sophocles,Burning Shadows,146,https://www.tcgplayer.com/product/138619/pokemon-sm-burning-shadows-sophocles-full-art,
,,Arcade Game,Neo Genesis,83,https://www.tcgplayer.com/product/83573/pokemon-neo-genesis-arcade-game-goldenrod-game-corner,picture
,,Arcade Game,"Gold, Silver, to a New World...",-,https://www.tcgplayer.com/product/575828/pokemon-japan-gold-silver-to-a-new-world-arcade-game,
,,Card-Flip Game,Neo Genesis,92,https://www.tcgplayer.com/product/84098/pokemon-neo-genesis-card-flip-game-goldenrod-game-corner,
,,Card-Flip Game ,"Gold, Silver, to a New World...",-,https://www.tcgplayer.com/product/575848/pokemon-japan-gold-silver-to-a-new-world-card-flip-game,
,,Rotom Dex Poké Finder Mode,Burning Shadows,122,https://www.tcgplayer.com/product/138626/pokemon-sm-burning-shadows-rotom-dex-poke-finder-mode,
,,Mimikyu,Lost Origin,80,https://www.tcgplayer.com/product/283961/pokemon-swsh11-lost-origin-mimikyu,
,,Influencer's Introduction,Start Deck 100 CoroCiao Version,19,https://www.tcgplayer.com/product/677316/pokemon-japan-mp1-start-deck-100-battle-collection-corociao-version-influencers-introduction,
,,Snivy,MEP Promos,49,,
,,Ditto,Skyridge,51,https://www.tcgplayer.com/product/84830/pokemon-skyridge-ditto,wall painting
,,Nest Ball,GG End,52,https://www.tcgplayer.com/product/574228/pokemon-japan-sm10a-gg-end-nest-ball,graffiti
,,Eiscue,Paldea Evolved,205,https://www.tcgplayer.com/product/497608/pokemon-sv02-paldea-evolved-eiscue-205-193,drawing
,,Judge,BREAKthrough,143,https://www.tcgplayer.com/product/107263/pokemon-xy-breakthrough-judge,balloon
,,Whimsicott,Unified Minds,144,https://www.tcgplayer.com/product/195131/pokemon-sm-unified-minds-whimsicott,
,,Drifloon,MEP Promos,5,https://www.tcgplayer.com/product/656255/pokemon-me-mega-evolution-promo-drifloon-cosmos-holo-005,
,,Drifblim,MEP Promos,6,https://www.tcgplayer.com/product/656256/pokemon-me-mega-evolution-promo-drifblim-006-cosmos-holo,
,,Skwovet,Scarlet & Violet,222,https://www.tcgplayer.com/product/490080/pokemon-sv01-scarlet-and-violet-base-set-skwovet-222-198,magnet
,,Snorunt,Cosmic Eclipse,47,https://www.tcgplayer.com/product/201223/pokemon-sm-cosmic-eclipse-snorunt,snowman
,,Meowth,Unbroken Bonds,147,https://www.tcgplayer.com/product/189247/pokemon-sm-unbroken-bonds-meowth,label
,,Mimikyu,Cosmic Eclipse,245,https://www.tcgplayer.com/product/201356/pokemon-sm-cosmic-eclipse-mimikyu-secret,pins
,,Cinccino,Legendary Treasures,RC19,https://www.tcgplayer.com/product/84321/pokemon-legendary-treasures-radiant-collection-cinccino,sweets
,,Iono,Paldea Evolved,269,https://www.tcgplayer.com/product/497689/pokemon-sv02-paldea-evolved-iono-269-193,
,,Morpeko,Paradox Rift,206,https://www.tcgplayer.com/product/523887/pokemon-sv04-paradox-rift-morpeko-206-182,
,,Milcery,Stellar Crown,152,https://www.tcgplayer.com/product/567435/pokemon-sv07-stellar-crown-milcery-152-142,
,,Slurpuff,Ascended Heroes,94,https://www.tcgplayer.com/product/675906/pokemon-me-ascended-heroes-slurpuff-094-217,
,,Rosa's Encouragement,Perfect Order,123,https://www.tcgplayer.com/product/684392/pokemon-me03-perfect-order-rosas-encouragement-123-088,
,,Grookey,MEP Promos,52,,Decorative Curry
,,Elesa's Sparkle,Crown Zenith,147,https://www.tcgplayer.com/product/477241/pokemon-swsh-crown-zenith-elesas-sparkle-full-art,amusement park fixture
,,Harlequin,White Flare,83,https://www.tcgplayer.com/product/642198/pokemon-sv-white-flare-harlequin,
,,Porygon-Z,Paradox Rift,214,https://www.tcgplayer.com/product/523895/pokemon-sv04-paradox-rift-porygon-z-214-182,sign
,,Toxtricity,Phantasmal Flames,103,https://www.tcgplayer.com/product/662235/pokemon-me02-phantasmal-flames-toxtricity-103-094,
,,Pokémon Pal City,Chūbu Battle City Promo,-,,Pikachu Dome
,,Pokémon Pal City,Chūgoku Battle City Promo,-,,
,,Pokémon Pal City,Hokkaidō Battle City Promo,-,https://www.tcgplayer.com/product/617277/pokemon-japan-battle-road-pokemon-pal-city-hokkaido,
,,Pokémon Pal City,Kansai Battle City Promo,-,https://www.tcgplayer.com/product/617281/pokemon-japan-battle-road-pokemon-pal-city-kansai,
,,Pokémon Pal City,Kyūshū Battle City Promo,-,https://www.tcgplayer.com/product/617275/pokemon-japan-battle-road-pokemon-pal-city-kyushu,
,,Pokémon Pal City,Tōhoku Battle City Promo,-,,
26,Raichu,Secret Mission,Gym Heroes,118,https://www.tcgplayer.com/product/89035/pokemon-gym-heroes-secret-mission,
,,Mr. Stone's Project,Emerald,79,https://www.tcgplayer.com/product/87600/pokemon-emerald-mr-stones-project,
,,,Holon Phantoms,88,https://www.tcgplayer.com/product/87601/pokemon-holon-phantoms-mr-stones-project,
,,,Dragon Frontiers,77,https://www.tcgplayer.com/product/87602/pokemon-dragon-frontiers-mr-stones-project,
,,Drifblim,Unified Minds,81,https://www.tcgplayer.com/product/195011/pokemon-sm-unified-minds-drifblim,
,,Kangaskhan,Unified Minds,163,https://www.tcgplayer.com/product/195163/pokemon-sm-unified-minds-kangaskhan,
,,Salvatore,Temporal Forces,212,https://www.tcgplayer.com/product/542933/pokemon-sv05-temporal-forces-salvatore-212-162,
,,Sewaddle,Fusion Strike,9,https://www.tcgplayer.com/product/253079/pokemon-swsh08-fusion-strike-sewaddle,only partially visible
,,Ruin Wall,Neo Discovery,74,https://www.tcgplayer.com/product/88845/pokemon-neo-discovery-ruin-wall,shadow
,Alolan Raichu,Hau,Guardians Rising,144,https://www.tcgplayer.com/product/131052/pokemon-sm-guardians-rising-hau-full-art,
,,Drifblim,Unified Minds,81,https://www.tcgplayer.com/product/195011/pokemon-sm-unified-minds-drifblim,
,,Kangaskhan,Unified Minds,163,https://www.tcgplayer.com/product/195163/pokemon-sm-unified-minds-kangaskhan,
,,Hau,SM-P Promos,394,https://www.tcgplayer.com/product/598471/pokemon-japan-sm-p-sun-and-moon-promos-hau-394-sm-p,
,,Paradise Resort,SV Promos,150,https://www.tcgplayer.com/product/578146/pokemon-sv-scarlet-and-violet-promo-cards-paradise-resort-150-world-championships-2024,
,,Salvatore,Temporal Forces,159,,pin
,,Salvatore,Temporal Forces,202,https://www.tcgplayer.com/product/542923/pokemon-sv05-temporal-forces-salvatore-202-162,
27,Sandshrew,Machoke,Expansion Sheet 3,-,https://www.tcgplayer.com/product/617537/pokemon-japan-vending-machine-cards-series-3-green-machoke,
29,Nidoran♀,Nidoran♂,Dragon Frontiers,57,https://www.tcgplayer.com/product/87731/pokemon-dragon-frontiers-nidoran-m-delta-species,
,,Mew,Crown Zenith,GG10,https://www.tcgplayer.com/product/478027/pokemon-swsh-crown-zenith-galarian-gallery-mew,
,,Pikachu,151,173,https://www.tcgplayer.com/product/513721/pokemon-sv-scarlet-and-violet-151-pikachu-173-165,
30,Nidorina,Violence in the Safari Zone!,Expansion Sheet 3,-,https://www.tcgplayer.com/product/617559/pokemon-japan-vending-machine-cards-series-3-green-violence-in-the-safari-zone,
,,Eevee,Brilliant Stars,TG11,https://www.tcgplayer.com/product/264218/pokemon-swsh09-brilliant-stars-trainer-gallery-eevee,picture
,,Quaxly,Gem Pack Vol. 1,05 09,,costume; this card was only released in Simplified Chinese
32,Nidoran♂,Nidoking,Steam Siege,45,https://www.tcgplayer.com/product/121134/pokemon-xy-steam-siege-nidoking,
,,Mew,Crown Zenith,GG10,https://www.tcgplayer.com/product/478027/pokemon-swsh-crown-zenith-galarian-gallery-mew,
,,Pikachu,151,173,https://www.tcgplayer.com/product/513721/pokemon-sv-scarlet-and-violet-151-pikachu-173-165,
33,Nidorino,Violence in the Safari Zone!,Expansion Sheet 3,-,https://www.tcgplayer.com/product/617559/pokemon-japan-vending-machine-cards-series-3-green-violence-in-the-safari-zone,
,,Eevee,Brilliant Stars,TG11,https://www.tcgplayer.com/product/264218/pokemon-swsh09-brilliant-stars-trainer-gallery-eevee,picture
34,Nidoking,Giovanni's Last Resort,Gym Challenge,105,https://www.tcgplayer.com/product/85711/pokemon-gym-challenge-giovannis-last-resort,
35,Clefairy,Hypno,BREAKpoint,51,https://www.tcgplayer.com/product/111593/pokemon-xy-breakpoint-hypno,
,,Lillie,Ultra Prism,125a,https://www.tcgplayer.com/product/157742/pokemon-sm-ultra-prism-lillie,
,,Celebratory Fanfare,MEP Promos,28,https://www.tcgplayer.com/product/681244/pokemon-me-mega-evolution-promo-celebratory-fanfare-ace-trainer,
,,Pokémon Communication,Team Up,152b,https://www.tcgplayer.com/product/216702/pokemon-alternate-art-promos-pokemon-communication-152b-181?Language=English,silhouette
,,Bulbasaur,MEP Promos,37,https://www.tcgplayer.com/product/684461/pokemon-me-mega-evolution-promo-bulbasaur-037,
,,Clefairy Doll,Base Set,70,https://www.tcgplayer.com/product/42416/pokemon-base-set-clefairy-doll,Poké Doll
,,Sabrina's ESP,Gym Heroes,117,https://www.tcgplayer.com/product/88869/pokemon-gym-heroes-sabrinas-esp,
,,Lillie,SM-P Promos,80,https://www.tcgplayer.com/product/598157/pokemon-japan-sm-p-sun-and-moon-promos-lillie-080-sm-p,
,,Chansey,Lost Thunder,152,https://www.tcgplayer.com/product/178973/pokemon-sm-lost-thunder-chansey,
,,Lillie's Poké Doll,Cosmic Eclipse,197,https://www.tcgplayer.com/product/201318/pokemon-sm-cosmic-eclipse-lillies-poke-doll,
,,Lillie's Poké Doll,Cosmic Eclipse,267,https://www.tcgplayer.com/product/201632/pokemon-sm-cosmic-eclipse-lillies-poke-doll-secret,
,,Cosmog,Celebrations,13,https://www.tcgplayer.com/product/250311/pokemon-celebrations-cosmog,
,,Purrloin,Brilliant Stars,90,https://www.tcgplayer.com/product/263807/pokemon-swsh09-brilliant-stars-purrloin,
,,Gastly,Lost Origin,64,https://www.tcgplayer.com/product/283938/pokemon-swsh11-lost-origin-gastly,
,,Gengar,Gem Pack Vol. 3,03 07,,Poké Doll; this card was only released in Simplified Chinese
,,Poltchageist,Twilight Masquerade,171,https://www.tcgplayer.com/product/550215/pokemon-sv06-twilight-masquerade-poltchageist-171-167,Pokéshi Doll
,,Sinistcha ex,Twilight Masquerade,210,https://www.tcgplayer.com/product/550254/pokemon-sv06-twilight-masquerade-sinistcha-ex-210-167,
,,Morpeko,Paradox Rift,206,https://www.tcgplayer.com/product/523887/pokemon-sv04-paradox-rift-morpeko-206-182,sweets
,,Salvatore,Temporal Forces,212,https://www.tcgplayer.com/product/542933/pokemon-sv05-temporal-forces-salvatore-212-162,embroidery
36,Clefable,Mega Clefable ex,Perfect Order,103,https://www.tcgplayer.com/product/684384/pokemon-me03-perfect-order-mega-clefable-ex-103-088,
,,Mega Clefable ex,Perfect Order,119,https://www.tcgplayer.com/product/684385/pokemon-me03-perfect-order-mega-clefable-ex-119-088,
,,Clefairy,Perfect Order,94,https://www.tcgplayer.com/product/684415/pokemon-me03-perfect-order-clefairy-094-088,only partially visible
,,Jacinthe,Perfect Order,122,https://www.tcgplayer.com/product/684395/pokemon-me03-perfect-order-jacinthe-122-088,sweets
37,Vulpix,Ouch! At the Pokémon Mansion,Expansion Sheet 3,-,https://www.tcgplayer.com/product/617544/pokemon-japan-vending-machine-cards-series-3-green-ouch-at-the-pokemon-mansion,
,,Tropical Present,Miscellaneous Promos,©2001,https://www.tcgplayer.com/product/617346/pokemon-japan-pokemon-card-fan-club-tropical-present-summer-2001-jumbo,Jumbo
,,Pikachu,Pokémon Rumble,7,https://www.tcgplayer.com/product/88096/pokemon-rumble-pikachu,
,,Pikachu,Collection 151,173,,this card was only released in Simplified Chinese
,,Poncho-wearing Pikachu,SM-P Promos,38,https://www.tcgplayer.com/product/598115/pokemon-japan-sm-p-sun-and-moon-promos-poncho-wearing-pikachu-038-sm-p,costume
,Alolan Vulpix,Sapporo's Pikachu,SM-P Promos,5,https://www.tcgplayer.com/product/598082/pokemon-japan-sm-p-sun-and-moon-promos-sapporos-pikachu-005-sm-p,
,,Poncho-wearing Pikachu,SM-P Promos,37,https://www.tcgplayer.com/product/598114/pokemon-japan-sm-p-sun-and-moon-promos-poncho-wearing-pikachu-037-sm-p,costume
39,Jigglypuff,Recycle,Fossil,61,https://www.tcgplayer.com/product/44463/pokemon-fossil-recycle,
,,Pokémon Plaza,Miscellaneous Promos,-,https://www.tcgplayer.com/product/617251/pokemon-japan-corocoro-promotional-cards-pokemon-plaza-jumbo,Jumbo
,,Tropical Wind,Tropical Mega Battle Promo,-,https://www.tcgplayer.com/product/662083/pokemon-japan-trainer-prize-cards-tropical-wind-1999-tropical-mega-battle,
,,Chatot,DPt-P Promos,32,https://www.tcgplayer.com/product/613217/pokemon-japan-dpt-p-promotional-cards-chatot-032-dpt-p,
,,Spiky-Eared Pichu M,2009 Card Design Contest,Pucchigumi,https://www.tcgplayer.com/product/617336/pokemon-japan-pokemon-card-design-contest-spiky-eared-pichu-m-mahiro-shinozaki,
,,Wigglytuff,Unbroken Bonds,135,https://www.tcgplayer.com/product/189233/pokemon-sm-unbroken-bonds-wigglytuff,
,,Mawile,Cosmic Eclipse,140,https://www.tcgplayer.com/product/201185/pokemon-sm-cosmic-eclipse-mawile,
,,Saguaro,Paldea Evolved,270,https://www.tcgplayer.com/product/497691/pokemon-sv02-paldea-evolved-saguaro-270-193,
,,Pikachu,151,173,https://www.tcgplayer.com/product/513721/pokemon-sv-scarlet-and-violet-151-pikachu-173-165,
,,Pikachu,Collection 151,171,,this card was only released in Simplified Chinese
,,Wigglytuff,Phantasmal Flames,105,https://www.tcgplayer.com/product/662240/pokemon-me02-phantasmal-flames-wigglytuff-105-094,
,,Ledyba,Southern Islands,7,https://www.tcgplayer.com/product/46481/pokemon-southern-islands-ledyba,only partially visible
,,Butterfree,Southern Islands,9,https://www.tcgplayer.com/product/46483/pokemon-southern-islands-butterfree,
,,Machamp,Wizards Promos,43,https://www.tcgplayer.com/product/86961/pokemon-wotc-promo-machamp,
,,Team Rocket's Meowth,Wizards Promos,18,https://www.tcgplayer.com/product/89851/pokemon-wotc-promo-team-rockets-meowth,silhouette
,,Ludicolo,Detective Pikachu,2,https://www.tcgplayer.com/product/186003/pokemon-detective-pikachu-ludicolo,sign
,,Detective Pikachu,SM Promos,190,https://www.tcgplayer.com/product/189805/pokemon-sm-promos-detective-pikachu-sm190,
,,Card-Flip Game,Neo Genesis,92,https://www.tcgplayer.com/product/84098/pokemon-neo-genesis-card-flip-game-goldenrod-game-corner,picture
,,Card-Flip Game ,"Gold, Silver, to a New World...",-,https://www.tcgplayer.com/product/575848/pokemon-japan-gold-silver-to-a-new-world-card-flip-game,
,,Milcery,Stellar Crown,152,https://www.tcgplayer.com/product/567435/pokemon-sv07-stellar-crown-milcery-152-142,sweets
,,Saguaro,Paldea Evolved,255,https://www.tcgplayer.com/product/497670/pokemon-sv02-paldea-evolved-saguaro-255-193,clothing design
,,Elesa's Sparkle,Crown Zenith,147,https://www.tcgplayer.com/product/477241/pokemon-swsh-crown-zenith-elesas-sparkle-full-art,amusement park fixture
40,Wigglytuff,Grumpig,Fates Collide,31,https://www.tcgplayer.com/product/117791/pokemon-xy-fates-collide-grumpig,
41,Zubat,Onix,Expansion Sheet 2,-,https://www.tcgplayer.com/product/617501/pokemon-japan-vending-machine-cards-series-2-red-onix,
,,Trash Exchange,Gym Heroes,126,https://www.tcgplayer.com/product/90029/pokemon-gym-heroes-trash-exchange,
,,Magnifier,Neo Destiny,101,https://www.tcgplayer.com/product/87122/pokemon-neo-destiny-magnifier,
,,Underground Expedition,Skyridge,140,https://www.tcgplayer.com/product/90155/pokemon-skyridge-underground-expedition,
,,,Celestial Storm,150,https://www.tcgplayer.com/product/171011/pokemon-sm-celestial-storm-underground-expedition,
,,Pokémon Reversal,Ruby & Sapphire,87,https://www.tcgplayer.com/product/88237/pokemon-ruby-and-sapphire-pokemon-reversal,
,,,FireRed & LeafGreen,97,https://www.tcgplayer.com/product/88239/pokemon-firered-and-leafgreen-pokemon-reversal,
,,,Unseen Forces,88,https://www.tcgplayer.com/product/88235/pokemon-unseen-forces-pokemon-reversal,
,,Drowzee,FireRed & LeafGreen,32,https://www.tcgplayer.com/product/84973/pokemon-firered-and-leafgreen-drowzee,
,,Diglett,Fates Collide,36,https://www.tcgplayer.com/product/117796/pokemon-xy-fates-collide-diglett,
,,Team Rocket's Crobat ex,Destined Rivals,234,https://www.tcgplayer.com/product/633034/pokemon-sv10-destined-rivals-team-rockets-crobat-ex-234-182,
,,Acerola,SM-P Promos,395,https://www.tcgplayer.com/product/598472/pokemon-japan-sm-p-sun-and-moon-promos-acerola-395-sm-p,silhouette
,,Crobat,Silver Tempest,105,https://www.tcgplayer.com/product/451759/pokemon-swsh12-silver-tempest-crobat,
42,Golbat,Pokémon Plaza,Miscellaneous Promos,-,https://www.tcgplayer.com/product/617251/pokemon-japan-corocoro-promotional-cards-pokemon-plaza-jumbo,Jumbo
,,Koga's Ninja Trick,Gym Challenge,115,https://www.tcgplayer.com/product/86514/pokemon-gym-challenge-kogas-ninja-trick,
,,Staryu,Skyridge,104,https://www.tcgplayer.com/product/89545/pokemon-skyridge-staryu-104,
,,Zapdos,Pokémon Rumble,8,https://www.tcgplayer.com/product/90720/pokemon-rumble-zapdos,
,,Kricketune,Crown Zenith,GG02,https://www.tcgplayer.com/product/478019/pokemon-swsh-crown-zenith-galarian-gallery-kricketune,
,,Team Rocket's Crobat ex,Destined Rivals,234,https://www.tcgplayer.com/product/633034/pokemon-sv10-destined-rivals-team-rockets-crobat-ex-234-182,
,,Team Rocket's Meowth,Wizards Promos,18,https://www.tcgplayer.com/product/89851/pokemon-wotc-promo-team-rockets-meowth,silhouette
,,Acerola,SM-P Promos,395,https://www.tcgplayer.com/product/598472/pokemon-japan-sm-p-sun-and-moon-promos-acerola-395-sm-p,
,,Crobat,Silver Tempest,105,https://www.tcgplayer.com/product/451759/pokemon-swsh12-silver-tempest-crobat,
43,Oddish,Pokémon Plaza,Miscellaneous Promos,-,https://www.tcgplayer.com/product/617251/pokemon-japan-corocoro-promotional-cards-pokemon-plaza-jumbo,Jumbo
,,Warp Point,Gym Challenge,126,https://www.tcgplayer.com/product/90476/pokemon-gym-challenge-warp-point,
,,,Expedition,152,https://www.tcgplayer.com/product/90477/pokemon-expedition-warp-point,
,,,Team Magma vs Team Aqua,85,https://www.tcgplayer.com/product/90478/pokemon-team-magma-vs-team-aqua-warp-point,
,,,Unseen Forces,93,https://www.tcgplayer.com/product/90479/pokemon-unseen-forces-warp-point,
,,,Crystal Guardians,84,https://www.tcgplayer.com/product/90480/pokemon-crystal-guardians-warp-point,
,,,Diamond & Pearl,116,https://www.tcgplayer.com/product/90481/pokemon-diamond-and-pearl-warp-point,
,,Totodile,Expedition,134,https://www.tcgplayer.com/product/89994/pokemon-expedition-totodile-134,
,,Energy Switch,Ruby & Sapphire,82,https://www.tcgplayer.com/product/85252/pokemon-ruby-and-sapphire-energy-switch,
,,,FireRed & LeafGreen,90,https://www.tcgplayer.com/product/85254/pokemon-firered-and-leafgreen-energy-switch,
,,,Unseen Forces,84,https://www.tcgplayer.com/product/85255/pokemon-unseen-forces-energy-switch,
,,,Power Keepers,75,https://www.tcgplayer.com/product/85256/pokemon-power-keepers-energy-switch,
,,,Celestial Storm,129,https://www.tcgplayer.com/product/170990/pokemon-sm-celestial-storm-energy-switch,
,,Koko,Koko Illustration Contest,Parent-Child,,Jumbo
,,Koko,Koko Illustration Contest,Twitter,,Jumbo
,,Light Toxtricity,SWSH Promos,137,https://www.tcgplayer.com/product/251093/pokemon-swsh-sword-and-shield-promo-cards-light-toxtricity-swsh137,
,,Gloom,Crown Zenith,2,https://www.tcgplayer.com/product/478042/pokemon-swsh-crown-zenith-gloom,
,,Mew ex,Paldean Fates,232,https://www.tcgplayer.com/product/534919/pokemon-sv-paldean-fates-mew-ex-232-091,
,,Pikachu,Collection 151,170,,this card was only released in Simplified Chinese
,,Bulbasaur,Pokémon GO,1,https://www.tcgplayer.com/product/274433/pokemon-pokemon-go-bulbasaur,statue
,,Erika's Kindness,Gym Challenge ,103,https://www.tcgplayer.com/product/85299/pokemon-gym-challenge-erikas-kindness,umbrella 
,,Pikachu,Celebrations,5,https://www.tcgplayer.com/product/250303/pokemon-celebrations-pikachu,only partially visible
,,Sabrina's ESP,Gym Heroes,117,https://www.tcgplayer.com/product/88869/pokemon-gym-heroes-sabrinas-esp,plushie
,,Card-Flip Game,Neo Genesis,92,https://www.tcgplayer.com/product/84098/pokemon-neo-genesis-card-flip-game-goldenrod-game-corner,picture
,,Card-Flip Game ,"Gold, Silver, to a New World...",-,https://www.tcgplayer.com/product/575848/pokemon-japan-gold-silver-to-a-new-world-card-flip-game,
,,Focus Band,Neo Genesis,86,https://www.tcgplayer.com/product/85536/pokemon-neo-genesis-focus-band,
,,Glameow,Unbroken Bonds,159,https://www.tcgplayer.com/product/189261/pokemon-sm-unbroken-bonds-glameow,
,,Cleffa,Unbroken Bonds,131,https://www.tcgplayer.com/product/189229/pokemon-sm-unbroken-bonds-cleffa,pot
44,Gloom,Erika's Perfume,Gym Heroes,110,https://www.tcgplayer.com/product/85305/pokemon-gym-heroes-erikas-perfume,
,,Koko,Koko Illustration Contest,Parent-Child,,Jumbo
45,Vileplume,Venusaur-EX,XY Promos,123,https://www.tcgplayer.com/product/120701/pokemon-xy-promos-venusaur-ex-xy123,
,,Koko,Koko Illustration Contest,Parent-Child,,Jumbo
,,Gloom,Crown Zenith,2,https://www.tcgplayer.com/product/478042/pokemon-swsh-crown-zenith-gloom,only partially visible
,,Arcade Game,Neo Genesis,83,https://www.tcgplayer.com/product/83573/pokemon-neo-genesis-arcade-game-goldenrod-game-corner,picture
,,Arcade Game,"Gold, Silver, to a New World...",-,https://www.tcgplayer.com/product/575828/pokemon-japan-gold-silver-to-a-new-world-arcade-game,
,,Good Manners,Gym Heroes,111,https://www.tcgplayer.com/product/85839/pokemon-gym-heroes-good-manners,pot
46,Paras,Skuntank V,Silver Tempest,181,https://www.tcgplayer.com/product/451829/pokemon-swsh12-silver-tempest-skuntank-v-alternate-full-art,
47,Parasect,Pikachu,Celebrations,5,https://www.tcgplayer.com/product/250303/pokemon-celebrations-pikachu,
,,Pikachu,Collection 151,172,,this card was only released in Simplified Chinese
48,Venonat,Pidgeot,Southern Islands,2,https://www.tcgplayer.com/product/46476/pokemon-southern-islands-pidgeot,
,,Onix,Southern Islands,3,https://www.tcgplayer.com/product/46477/pokemon-southern-islands-onix,
,,Lickitung,Southern Islands,16,https://www.tcgplayer.com/product/46473/pokemon-southern-islands-lickitung,
,,Pokémon Valley,Miscellaneous Promos,-,https://www.tcgplayer.com/product/617252/pokemon-japan-corocoro-promotional-cards-pokemon-valley-jumbo,Jumbo
49,Venomoth,Butterfree,Southern Islands,9,https://www.tcgplayer.com/product/46483/pokemon-southern-islands-butterfree,
,,Primeape,Southern Islands,18,https://www.tcgplayer.com/product/46475/pokemon-southern-islands-primeape,
,,Venonat,Skyridge,112,https://www.tcgplayer.com/product/90306/pokemon-skyridge-venonat,
50,Diglett,Flash,Expansion Sheet 2,-,,
,,Farfetch'd,CoroCoro promo,-,https://www.tcgplayer.com/product/617225/pokemon-japan-corocoro-promotional-cards-farfetchd,
,,Lucky Stadium,Tōhoku World Challenge Promo,-,,
,,Underground Expedition,Skyridge,140,https://www.tcgplayer.com/product/90155/pokemon-skyridge-underground-expedition,
,,,Celestial Storm,150,https://www.tcgplayer.com/product/171011/pokemon-sm-celestial-storm-underground-expedition,
,,Professor Cozmo's Discovery,Deoxys,90,https://www.tcgplayer.com/product/88384/pokemon-deoxys-professor-cozmos-discovery,
,,,Holon Phantoms,89,https://www.tcgplayer.com/product/88386/pokemon-holon-phantoms-professor-cozmos-discovery,
,,Fossil Excavator,Mysterious Treasures,111,https://www.tcgplayer.com/product/85556/pokemon-mysterious-treasures-fossil-excavator,
,,,Majestic Dawn,82,https://www.tcgplayer.com/product/85557/pokemon-majestic-dawn-fossil-excavator,
,,Illusion's Zorua,2010 Card Design Contest,2nd Grade,,
,,Illusion's Zorua,2010 Card Design Contest,Pokémon Fan,,
,,Onix,Lost Thunder,109,https://www.tcgplayer.com/product/178922/pokemon-sm-lost-thunder-onix,
,,,TCG Classic: Venusaur Deck,10,https://www.tcgplayer.com/product/591952/pokemon-japan-pokemon-tcg-classic-venusaur-onix,
,,Dugtrio,Sword & Shield,93,https://www.tcgplayer.com/product/208402/pokemon-swsh01-sword-and-shield-base-set-dugtrio,
,,Skorupi,Sword & Shield,121,https://www.tcgplayer.com/product/208432/pokemon-swsh01-sword-and-shield-base-set-skorupi,
,,Skuntank V,Silver Tempest,181,https://www.tcgplayer.com/product/451829/pokemon-swsh12-silver-tempest-skuntank-v-alternate-full-art,
,,Charizard VSTAR,SWSH Promos,262,https://www.tcgplayer.com/product/285396/pokemon-swsh-sword-and-shield-promo-cards-charizard-vstar-swsh262,
,,Mewtwo VSTAR,Crown Zenith,GG44,https://www.tcgplayer.com/product/477057/pokemon-swsh-crown-zenith-galarian-gallery-mewtwo-vstar,
,,Dudunsparce,Paldea Evolved,229,https://www.tcgplayer.com/product/497633/pokemon-sv02-paldea-evolved-dudunsparce-229-193,
,,Snorlax,SV Promos,51,https://www.tcgplayer.com/product/517175/pokemon-sv-scarlet-and-violet-promo-cards-snorlax-051,
,,Garganacl,Paradox Rift,202,https://www.tcgplayer.com/product/523883/pokemon-sv04-paradox-rift-garganacl-202-182,
,,Mew ex,Paldean Fates,232,https://www.tcgplayer.com/product/534919/pokemon-sv-paldean-fates-mew-ex-232-091,
,,Cara Liss,Vivid Voltage,149,https://www.tcgplayer.com/product/226502/pokemon-swsh04-vivid-voltage-cara-liss,statue
51,Dugtrio,Flash,Expansion Sheet 2,-,,
,,Illusion's Zorua,2010 Card Design Contest,2nd Grade,,
,,Machamp V,Astral Radiance,172,https://www.tcgplayer.com/product/272422/pokemon-swsh10-astral-radiance-machamp-v-alternate-full-art,
,,Pokédex,Base Set,87,https://www.tcgplayer.com/product/108645/pokemon-base-set-pokedex,picture
,,,Base Set 2,115,https://www.tcgplayer.com/product/106360/pokemon-base-set-2-pokedex,
,,,Evolutions,82,https://www.tcgplayer.com/product/124095/pokemon-xy-evolutions-pokedex,
,Alolan Dugtrio,Floette,Cosmic Eclipse,151,https://www.tcgplayer.com/product/201196/pokemon-sm-cosmic-eclipse-floette,
52,Meowth,20 Damage from Confusion,Expansion Sheet 3,-,https://www.tcgplayer.com/product/617511/pokemon-japan-vending-machine-cards-series-3-green-20-damage-from-confusion,
,,Here Comes Team Rocket!,Team Rocket,15,https://www.tcgplayer.com/product/86073/pokemon-team-rocket-here-comes-team-rocket-15,
,,,Team Rocket,71,https://www.tcgplayer.com/product/86074/pokemon-team-rocket-here-comes-team-rocket-71,
,,,Evolutions,113,https://www.tcgplayer.com/product/124126/pokemon-xy-evolutions-here-comes-team-rocket,
,,,Celebrations,15,https://www.tcgplayer.com/product/250323/pokemon-celebrations-classic-collection-here-comes-team-rocket,
,,Pokémon Center Osaka,P Promos,20,https://www.tcgplayer.com/product/613725/pokemon-japan-p-promotional-cards-pokemon-center-osaka-020-p,
,,PokéPark's Torchic,PCG-P Promos,47,https://www.tcgplayer.com/product/613482/pokemon-japan-pcg-p-promotional-cards-pokeparks-torchic-047-pcg-p,
,,Pokémon Pal City,Kansai Battle City Promo,-,https://www.tcgplayer.com/product/617281/pokemon-japan-battle-road-pokemon-pal-city-kansai,
,,Pokémon Fan Club,POP Series 4,9,https://www.tcgplayer.com/product/88226/pokemon-pop-series-4-pokemon-fan-club,
,,Captain Pikachu,Pokémon Center promo,-,,Jumbo
,,Meloetta,BW Promos,69,https://www.tcgplayer.com/product/87301/pokemon-black-and-white-promos-meloetta-bw69,
,,Tepig,BW-P Promos,-,,Jumbo
,,Pikachu,BW-P Promos,©2011,,Jumbo
,,Pikachu,BW-P Promos,©2013,https://www.tcgplayer.com/product/635223/pokemon-japan-bw-p-promotional-cards-pikachu-229-bw-p,Jumbo
,,Inkay,XY-P Promos,-,https://www.tcgplayer.com/product/602010/pokemon-japan-xy-p-xy-promos-inkay-105-xy-p,Jumbo
,,Inkay,Roaring Skies,41,https://www.tcgplayer.com/product/98077/pokemon-xy-roaring-skies-inkay,
,,Here Comes Team Rocket!,XY-P Promos,278,https://www.tcgplayer.com/product/602182/pokemon-japan-xy-p-xy-promos-here-comes-team-rocket-278-xy-p,
,,Team Rocket's Mimikyu-GX,Ash vs Team Rocket,10,https://www.tcgplayer.com/product/598639/pokemon-japan-smd-ash-vs-team-rocket-deck-kit-team-rockets-mimikyu-gx,
,,Bewear,Ash vs Team Rocket,18,https://www.tcgplayer.com/product/598647/pokemon-japan-smd-ash-vs-team-rocket-deck-kit-bewear,
,,Jessie & James,Hidden Fates,68,https://www.tcgplayer.com/product/197732/pokemon-hidden-fates-jessie-and-james-full-art,
,,Chikorita,SM-P Promos,373,https://www.tcgplayer.com/product/598450/pokemon-japan-sm-p-sun-and-moon-promos-chikorita-373-sm-p,
,,Litten,SM-P Promos,374,https://www.tcgplayer.com/product/598451/pokemon-japan-sm-p-sun-and-moon-promos-litten-374-sm-p,
,,Machoke,151,177,https://www.tcgplayer.com/product/517025/pokemon-sv-scarlet-and-violet-151-machoke-177-165,
,,Garganacl,Paradox Rift,202,https://www.tcgplayer.com/product/523883/pokemon-sv04-paradox-rift-garganacl-202-182,
,,Gastly,Temporal Forces,177,https://www.tcgplayer.com/product/542898/pokemon-sv05-temporal-forces-gastly-177-162,
,,Radio Tower,Neo Destiny,95,https://www.tcgplayer.com/product/88497/pokemon-neo-destiny-radio-tower,balloon
,,Eldegoss,Evolving Skies,16,https://www.tcgplayer.com/product/246831/pokemon-swsh07-evolving-skies-eldegoss,footprints
,,Mawile,Fusion Strike,119,https://www.tcgplayer.com/product/253290/pokemon-swsh08-fusion-strike-mawile,
,,Vigoroth,Paldea Evolved,161,https://www.tcgplayer.com/product/497579/pokemon-sv02-paldea-evolved-vigoroth,sign
,,Litten,Temporal Forces,167,https://www.tcgplayer.com/product/542888/pokemon-sv05-temporal-forces-litten-167-162,lucky cat
,,Morpeko,Paradox Rift,206,https://www.tcgplayer.com/product/523887/pokemon-sv04-paradox-rift-morpeko-206-182,chocolate coin
,Alolan Meowth,Litten,Temporal Forces,167,https://www.tcgplayer.com/product/542888/pokemon-sv05-temporal-forces-litten-167-162,picture
53,Persian,Rocket's Admin.,Team Rocket Returns,86,https://www.tcgplayer.com/product/88767/pokemon-team-rocket-returns-rockets-admin,
,,,Celebrations,86,https://www.tcgplayer.com/product/250329/pokemon-celebrations-classic-collection-rockets-admin,
,,,TCG Classic: Venusaur Deck,26,https://www.tcgplayer.com/product/591973/pokemon-japan-pokemon-tcg-classic-venusaur-rockets-admin-clf,
,,,TCG Classic: Charizard Deck,25,https://www.tcgplayer.com/product/591939/pokemon-japan-pokemon-tcg-classic-charizard-rockets-admin-cll,
,,,TCG Classic: Blastoise Deck,27,https://www.tcgplayer.com/product/591905/pokemon-japan-pokemon-tcg-classic-blastoise-rockets-admin-clb,
,,Giovanni's Scheme,XY-P Promos,277,https://www.tcgplayer.com/product/602181/pokemon-japan-xy-p-xy-promos-giovannis-scheme-277-xy-p,
,,Giovanni's Charisma,151,204,https://www.tcgplayer.com/product/517050/pokemon-sv-scarlet-and-violet-151-giovannis-charisma-204-165,
,,Giovanni's Exile,Unbroken Bonds,174,https://www.tcgplayer.com/product/189276/pokemon-sm-unbroken-bonds-giovannis-exile,picture
,,,Hidden Fates,57,https://www.tcgplayer.com/product/197709/pokemon-hidden-fates-giovannis-exile,
,,Team Rocket's Wobbuffet,SV Promos,203,https://www.tcgplayer.com/product/635467/pokemon-sv-scarlet-and-violet-promo-cards-team-rockets-wobbuffet,sign
54,Psyduck,Pikachu's Summer Vacation,Miscellaneous Promos,-,https://www.tcgplayer.com/product/617250/pokemon-japan-corocoro-promotional-cards-pikachus-summer-vacation-jumbo,Jumbo
,,Pokémon Valley,Miscellaneous Promos,-,https://www.tcgplayer.com/product/617252/pokemon-japan-corocoro-promotional-cards-pokemon-valley-jumbo,Jumbo
,,Machop,Expansion Sheet 2,-,https://www.tcgplayer.com/product/617484/pokemon-japan-vending-machine-cards-series-2-red-machop,
,,Misty's Wrath,Gym Heroes,114,https://www.tcgplayer.com/product/87554/pokemon-gym-heroes-mistys-wrath,
,,Sabrina's Psychic Control,Gym Challenge,121,https://www.tcgplayer.com/product/88886/pokemon-gym-challenge-sabrinas-psychic-control,
,,Tropical Wind,Tropical Mega Battle Promo,-,https://www.tcgplayer.com/product/662083/pokemon-japan-trainer-prize-cards-tropical-wind-1999-tropical-mega-battle,
,,Slowking,Southern Islands,14,https://www.tcgplayer.com/product/46471/pokemon-southern-islands-slowking,
,,Tropical Breeze,VS: Tropical Mega Battle,-,,
,,Tropical Wind,Nintendo Promos,26,https://www.tcgplayer.com/product/90053/pokemon-nintendo-promos-tropical-wind-026-2004-world-championships-participation,
,,Tropical Tidal Wave,Nintendo Promos,27,https://www.tcgplayer.com/product/224551/pokemon-nintendo-promos-tropical-tidal-wave-027-2005-world-championships-staff,
,,PokéPark's Mudkip,PCG-P Promos,48,https://www.tcgplayer.com/product/613479/pokemon-japan-pcg-p-promotional-cards-pokeparks-mudkip-048-pcg-p,
,,Tropical Tidal Wave,Nintendo Promos,36,https://www.tcgplayer.com/product/224556/pokemon-nintendo-promos-tropical-tidal-wave-036-2006-world-championships-staff,
,,Tropical Wind,DP Promos,5,https://www.tcgplayer.com/product/90054/pokemon-diamond-and-pearl-promos-tropical-wind-dp05-worlds-07,
,,Tropical Wind,DP Promos,25,https://www.tcgplayer.com/product/90055/pokemon-diamond-and-pearl-promos-tropical-wind-dp25-worlds-08,
,,Tropical Wind,DP Promos,48,https://www.tcgplayer.com/product/90056/pokemon-diamond-and-pearl-promos-tropical-wind-dp48-worlds-09,
,,Tropical Tidal Wave,HGSS Promos,18,https://www.tcgplayer.com/product/97703/pokemon-hgss-promos-tropical-tidal-wave-hgss18-worlds-10-staff,
,,Tropical Beach,BW Promos,28,https://www.tcgplayer.com/product/90048/pokemon-black-and-white-promos-tropical-beach-bw28-worlds-11,
,,Tropical Beach,BW Promos,50,https://www.tcgplayer.com/product/90049/pokemon-black-and-white-promos-tropical-beach-bw50-worlds-12,
,,Champions Festival,BW Promos,95,https://www.tcgplayer.com/product/84162/pokemon-black-and-white-promos-champions-festival-bw95-worlds-13,
,,Champions Festival,XY Promos,91,https://www.tcgplayer.com/product/199311/pokemon-xy-promos-champions-festival-2015,
,,Champions Festival,XY Promos,176,https://www.tcgplayer.com/product/199330/pokemon-xy-promos-champions-festival-2016,
,,Champions Festival,SM Promos,78,https://www.tcgplayer.com/product/179429/pokemon-sm-promos-champions-festival-sm78-world-championships-2017,
,,Champions Festival,SM Promos,148,https://www.tcgplayer.com/product/175064/pokemon-sm-promos-champions-festival-sm148-world-championships-2018,
,,Farfetch'd,Team Up,127,https://www.tcgplayer.com/product/183916/pokemon-sm-team-up-farfetchd,
,,Champions Festival,SM Promos,231,https://www.tcgplayer.com/product/198360/pokemon-sm-promos-champions-festival-sm231-world-championships-2019,
,,Floette,Cosmic Eclipse,151,https://www.tcgplayer.com/product/201196/pokemon-sm-cosmic-eclipse-floette,
,,Champions Festival,SWSH Promos,296,https://www.tcgplayer.com/product/575154/pokemon-swsh-sword-and-shield-promo-cards-champions-festival-swsh296-world-championships-2022,
,,Wiglett,Scarlet & Violet,206,https://www.tcgplayer.com/product/490067/pokemon-sv01-scarlet-and-violet-base-set-wiglett-206-198,
,,Pikachu,151,173,https://www.tcgplayer.com/product/513721/pokemon-sv-scarlet-and-violet-151-pikachu-173-165,
,,Paradise Resort,SV Promos,45,https://www.tcgplayer.com/product/518863/pokemon-sv-scarlet-and-violet-promo-cards-paradise-resort-045-world-championships-2023,
,,Clive,Paldean Fates,236,https://www.tcgplayer.com/product/535098/pokemon-sv-paldean-fates-clive-236-091,
,,Chansey,Twilight Masquerade,187,https://www.tcgplayer.com/product/550231/pokemon-sv06-twilight-masquerade-chansey-187-167,
,,Paradise Resort,SV Promos,150,https://www.tcgplayer.com/product/578146/pokemon-sv-scarlet-and-violet-promo-cards-paradise-resort-150-world-championships-2024,
,,Pikachu,Collection 151,171,,this card was only released in Simplified Chinese
,,Paradise Resort,SV Promos,224,https://www.tcgplayer.com/product/649232/pokemon-sv-scarlet-and-violet-promo-cards-paradise-resort-224-world-championships-2025,
,,Magikarp,M-P Promos,40,,this card was only released in Korean
,,Eevee,SM-P Promos,287,https://www.tcgplayer.com/product/598364/pokemon-japan-sm-p-sun-and-moon-promos-eevee-287-sm-p,silhouette
,,Pikachu,XY-P Promos,©2014,,snowman; Jumbo
,,Champions Festival,XY Promos,27,https://www.tcgplayer.com/product/96390/pokemon-xy-promos-champions-festival-xy27-2014,boat
55,Golduck,Kamado,Astral Radiance,187,https://www.tcgplayer.com/product/272437/pokemon-swsh10-astral-radiance-kamado-full-art,kimono; only partially visible
,,,Astral Radiance,205,https://www.tcgplayer.com/product/272460/pokemon-swsh10-astral-radiance-kamado-secret,
56,Mankey,Primeape,Steam Siege,53,https://www.tcgplayer.com/product/121183/pokemon-xy-steam-siege-primeape,
,,Martial Arts Dojo,Cosmic Eclipse,268,https://www.tcgplayer.com/product/201634/pokemon-sm-cosmic-eclipse-martial-arts-dojo-secret,
57,Primeape,Pokémon Retransfer,Expansion Sheet 3,-,https://www.tcgplayer.com/product/617546/pokemon-japan-vending-machine-cards-series-3-green-pokemon-retransfer,
,,,Pokémon Web,32,https://www.tcgplayer.com/product/613694/pokemon-japan-pokemon-web-pokemon-retransfer,
,,Choice Band,Guardians Rising,121a,https://www.tcgplayer.com/product/131041/pokemon-sm-guardians-rising-choice-band,
58,Growlithe,Erika's Kindness,Gym Challenge,103,https://www.tcgplayer.com/product/85299/pokemon-gym-challenge-erikas-kindness,
,,Ouch! At the Pokémon Mansion,Expansion Sheet 3,-,https://www.tcgplayer.com/product/617544/pokemon-japan-vending-machine-cards-series-3-green-ouch-at-the-pokemon-mansion,
,,No.1 Trainer,Battle Road Promo,-,,"has prints in Neo and e-Card layouts, with both girl and boy trainers"
,,No.2 Trainer,Battle Road Promo,-,,
,,No.3 Trainer,Battle Road Promo,-,,
,,Pokémon Fan Club,Aquapolis,130,https://www.tcgplayer.com/product/88225/pokemon-aquapolis-pokemon-fan-club,
,,Scorbunny,SWSH Promos,244,https://www.tcgplayer.com/product/285264/pokemon-swsh-sword-and-shield-promo-cards-scorbunny-swsh244-cosmos-holo,
,,Pikachu,151,173,https://www.tcgplayer.com/product/513721/pokemon-sv-scarlet-and-violet-151-pikachu-173-165,
,,Detective Pikachu,SV-P Promos,98,https://www.tcgplayer.com/product/587856/pokemon-japan-sv-p-promotional-cards-detective-pikachu-098-sv-p,
,Hisuian Growlithe,Perrin,Twilight Masquerade,220,https://www.tcgplayer.com/product/550264/pokemon-sv06-twilight-masquerade-perrin-220-167,
,,Ambipom,Twilight Masquerade,138,https://www.tcgplayer.com/product/550182/pokemon-sv06-twilight-masquerade-ambipom,statue
60,Poliwag,Mr. Fuji,Fossil,58,https://www.tcgplayer.com/product/44460/pokemon-fossil-mr-fuji,
,,Pokémon Plaza,Miscellaneous Promos,-,https://www.tcgplayer.com/product/617251/pokemon-japan-corocoro-promotional-cards-pokemon-plaza-jumbo,Jumbo
,,Fisherman,Skyridge,125,https://www.tcgplayer.com/product/85471/pokemon-skyridge-fisherman,
,,Mew ex,Paldean Fates,232,https://www.tcgplayer.com/product/534919/pokemon-sv-paldean-fates-mew-ex-232-091,
,,Card-Flip Game,Neo Genesis,92,https://www.tcgplayer.com/product/84098/pokemon-neo-genesis-card-flip-game-goldenrod-game-corner,picture
,,Card-Flip Game ,"Gold, Silver, to a New World...",-,https://www.tcgplayer.com/product/575848/pokemon-japan-gold-silver-to-a-new-world-card-flip-game,
,,Perrin,Twlight Masquerade,160,https://www.tcgplayer.com/product/550204/pokemon-sv06-twilight-masquerade-perrin-160-167,sign
,,Quaxly,Paldea Evolved,206,https://www.tcgplayer.com/product/497609/pokemon-sv02-paldea-evolved-quaxly-206-193,bottle
61,Poliwhirl,Magikarp ,Expedition ,118,https://www.tcgplayer.com/product/87024/pokemon-expedition-magikarp,
,,Fisherman,Skyridge,125,https://www.tcgplayer.com/product/85471/pokemon-skyridge-fisherman,
,,Trade Please!,Miscellaneous Promos,-,https://www.tcgplayer.com/product/602186/pokemon-japan-xy-p-xy-promos-trade-please-282-xy-p,
,,,XY-P Promos,282,https://www.tcgplayer.com/product/602186/pokemon-japan-xy-p-xy-promos-trade-please-282-xy-p,
,,Sabrina's ESP,Gym Heroes,117,https://www.tcgplayer.com/product/88869/pokemon-gym-heroes-sabrinas-esp,plushie
,,Quaxwell,Paldea Evolved,207,https://www.tcgplayer.com/product/497610/pokemon-sv02-paldea-evolved-quaxwell-207-193,bottle
,,Team Rocket's Wobbuffet,SV Promos,203,https://www.tcgplayer.com/product/635467/pokemon-sv-scarlet-and-violet-promo-cards-team-rockets-wobbuffet,can
,,Firefighter Pikachu,SM-P Promos,209,https://www.tcgplayer.com/product/598286/pokemon-japan-sm-p-sun-and-moon-promos-firefighter-pikachu-209-sm-p,matoi
62,Poliwrath,Fisherman,Skyridge,125,https://www.tcgplayer.com/product/85471/pokemon-skyridge-fisherman,
,,Quaquaval ex,Paldea Evolved,260,https://www.tcgplayer.com/product/497679/pokemon-sv02-paldea-evolved-quaquaval-ex-260-193,bottle
64,Kadabra,Bill's PC,Expansion Sheet 3,-,https://www.tcgplayer.com/product/617517/pokemon-japan-vending-machine-cards-series-3-green-bills-pc,
,,The Last Cave – Cerulean!,Expansion Sheet 3,-,https://www.tcgplayer.com/product/617556/pokemon-japan-vending-machine-cards-series-3-green-the-last-cave-cerulean,
65,Mega Alakazam,Lucario,Fates Collide,63,https://www.tcgplayer.com/product/117838/pokemon-xy-fates-collide-lucario-63,
,,Alakazam Spirit Link,Fates Collide,90,https://www.tcgplayer.com/product/117863/pokemon-xy-fates-collide-alakazam-spirit-link,
66,Machop,Focus Band,Neo Genesis,86,https://www.tcgplayer.com/product/85536/pokemon-neo-genesis-focus-band,
,,Lacey,Stellar Crown,172,https://www.tcgplayer.com/product/567484/pokemon-sv07-stellar-crown-lacey-172-142,artwork
67,Machoke,Bill's PC,Expansion Sheet 3,-,,
,,Pokémon Fan Club,Aquapolis,130,https://www.tcgplayer.com/product/88225/pokemon-aquapolis-pokemon-fan-club,
,,Hitmonlee,Furious Fists,47,https://www.tcgplayer.com/product/92224/pokemon-xy-furious-fists-hitmonlee,
,,,Generations,47,https://www.tcgplayer.com/product/113705/pokemon-generations-hitmonlee,
68,Machamp,Challenge!,Team Rocket,74,https://www.tcgplayer.com/product/84159/pokemon-team-rocket-challenge,
,,,Legendary Collection,106,https://www.tcgplayer.com/product/84160/pokemon-legendary-collection-challenge,
,,Mewtwo,BW-P Promos,-,,Jumbo
,,Jynx,Furious Fists,37,https://www.tcgplayer.com/product/92212/pokemon-xy-furious-fists-jynx,
,,,Generations,36,https://www.tcgplayer.com/product/113694/pokemon-generations-jynx,
,,Champions Festival,SM Promos,231,https://www.tcgplayer.com/product/198360/pokemon-sm-promos-champions-festival-sm231-world-championships-2019,statue
,,Litten,MEP Promos,44,https://www.tcgplayer.com/product/684468/pokemon-me-mega-evolution-promo-litten-044,
69,Bellsprout,Computer Error,Wizards Promos,16,https://www.tcgplayer.com/product/84414/pokemon-wotc-promo-computer-error-rockets-secret-machine,
,,Slowking,Southern Islands,14,https://www.tcgplayer.com/product/46471/pokemon-southern-islands-slowking,
,,Slowbro,T Promos,5,https://www.tcgplayer.com/product/613952/pokemon-japan-t-promotional-cards-slowbro,
,,Sage's Training,Undaunted,77,https://www.tcgplayer.com/product/88893/pokemon-undaunted-sages-training,
,,,Call of Legends,85,https://www.tcgplayer.com/product/88894/pokemon-call-of-legends-sages-training,
,,Mew ex,Paldean Fates,232,https://www.tcgplayer.com/product/534919/pokemon-sv-paldean-fates-mew-ex-232-091,
,,Chansey,Twilight Masquerade,187,https://www.tcgplayer.com/product/550231/pokemon-sv06-twilight-masquerade-chansey-187-167,
,,Good Manners,Gym Heroes,111,https://www.tcgplayer.com/product/85839/pokemon-gym-heroes-good-manners,plant
,,Sprout Tower,Neo Genesis,97,https://www.tcgplayer.com/product/89482/pokemon-neo-genesis-sprout-tower,statue
70,Weepinbell,Trade Please!,Miscellaneous Promos,-,https://www.tcgplayer.com/product/617429/pokemon-japan-unnumbered-promotional-cards-trade-please,
,,,XY-P Promos,282,https://www.tcgplayer.com/product/602186/pokemon-japan-xy-p-xy-promos-trade-please-282-xy-p,
,,Jigglypuff,Southern Islands,8,https://www.tcgplayer.com/product/46482/pokemon-southern-islands-jigglypuff,
,,Pokémon Reversal,Expedition,146,https://www.tcgplayer.com/product/88238/pokemon-expedition-pokemon-reversal,
,,Koko,Koko Illustration Contest,Parent-Child,,Jumbo
,,Good Manners,Gym Heroes,111,https://www.tcgplayer.com/product/85839/pokemon-gym-heroes-good-manners,plant
71,Victreebel,Challenge!,Team Rocket,74,https://www.tcgplayer.com/product/84159/pokemon-team-rocket-challenge,
,,,Legendary Collection,106,https://www.tcgplayer.com/product/84160/pokemon-legendary-collection-challenge,
,,Blaine's Quiz #1,Gym Heroes,97,https://www.tcgplayer.com/product/83879/pokemon-gym-heroes-blaines-quiz-1,silhouette
,,Good Manners,Gym Heroes,111,https://www.tcgplayer.com/product/85839/pokemon-gym-heroes-good-manners,plant
72,Tentacool,Captain Pikachu,Pokémon Center promo,-,https://www.tcgplayer.com/product/617410/pokemon-japan-unnumbered-promotional-cards-captain-pikachu,Jumbo
,,Misty's Cerulean City Gym,Hidden Fates,61,https://www.tcgplayer.com/product/197716/pokemon-hidden-fates-mistys-cerulean-city-gym,mural
73,Tentacruel,Tropical Present,Miscellaneous Promos,late '99,https://www.tcgplayer.com/product/617345/pokemon-japan-pokemon-card-fan-club-tropical-present-summer-1999-jumbo,Jumbo
74,Geodude,Pokémon Reversal,Expedition,146,https://www.tcgplayer.com/product/88238/pokemon-expedition-pokemon-reversal,
,,Switch,Ruby & Sapphire,92,https://www.tcgplayer.com/product/89709/pokemon-ruby-and-sapphire-switch,
,,,FireRed & LeafGreen,102,https://www.tcgplayer.com/product/89712/pokemon-firered-and-leafgreen-switch,
,,,Delta Species,102,https://www.tcgplayer.com/product/89713/pokemon-delta-species-switch,
,,,Dragon Frontiers,83,https://www.tcgplayer.com/product/89714/pokemon-dragon-frontiers-switch,
,,,Next Quest,6,,
,,,Groundbreakers,5,,
,,,Celestial Storm,147,https://www.tcgplayer.com/product/171008/pokemon-sm-celestial-storm-switch,
,,Machop,Generations,40,https://www.tcgplayer.com/product/113698/pokemon-generations-machop,
,,Koko,Koko Illustration Contest,Parent-Child,,Jumbo
,,Mewtwo VSTAR,Crown Zenith,GG44,https://www.tcgplayer.com/product/477057/pokemon-swsh-crown-zenith-galarian-gallery-mewtwo-vstar,
,,Ditto,Delta Species,62,https://www.tcgplayer.com/product/84839/pokemon-delta-species-ditto-geodude,Ditto's disguise
,,Team Rocket's Meowth,Wizards Promos,18,https://www.tcgplayer.com/product/89851/pokemon-wotc-promo-team-rockets-meowth,silhouette
,,Blaine's Quiz #3,Gym Challenge,112,https://www.tcgplayer.com/product/83881/pokemon-gym-challenge-blaines-quiz-3,clothing design
75,Graveler,Bill's PC,Expansion Sheet 3,-,https://www.tcgplayer.com/product/617517/pokemon-japan-vending-machine-cards-series-3-green-bills-pc,
77,Ponyta,Ouch! At the Pokémon Mansion,Expansion Sheet 3,-,https://www.tcgplayer.com/product/617544/pokemon-japan-vending-machine-cards-series-3-green-ouch-at-the-pokemon-mansion,
,,Bronzong,BREAKthrough,96,https://www.tcgplayer.com/product/107215/pokemon-xy-breakthrough-bronzong,drawing
,Galarian Ponyta,Mew,Crown Zenith,GG10,https://www.tcgplayer.com/product/478027/pokemon-swsh-crown-zenith-galarian-gallery-mew,
,,Milcery,Stellar Crown,152,https://www.tcgplayer.com/product/567435/pokemon-sv07-stellar-crown-milcery-152-142,sweets
78,Rapidash,Champions Festival,XY Promos,91,https://www.tcgplayer.com/product/199311/pokemon-xy-promos-champions-festival-2015,
,,Ponyta,Gem Pack Vol. 4,01 07,,this card was only released in Simplified Chinese
79,Slowpoke,Raticate,Southern Islands,6,https://www.tcgplayer.com/product/46480/pokemon-southern-islands-raticate,
,,Flareon VMAX,SWSH Promos,180,https://www.tcgplayer.com/product/253415/pokemon-swsh-sword-and-shield-promo-cards-flareon-vmax-swsh180,
,,Wiglett,Scarlet & Violet,206,https://www.tcgplayer.com/product/490067/pokemon-sv01-scarlet-and-violet-base-set-wiglett-206-198,
,,Pikachu,151,173,https://www.tcgplayer.com/product/513721/pokemon-sv-scarlet-and-violet-151-pikachu-173-165,
,,Ivysaur,Southern Islands,5,https://www.tcgplayer.com/product/46479/pokemon-southern-islands-ivysaur,only partially visible
,,PokéPark's Mudkip,PCG-P Promos,48,https://www.tcgplayer.com/product/613479/pokemon-japan-pcg-p-promotional-cards-pokeparks-mudkip-048-pcg-p,
,,Poké Maniac,Unified Minds,204,https://www.tcgplayer.com/product/195259/pokemon-sm-unified-minds-poke-maniac,costume
,,Poké Maniac,Unified Minds,236,https://www.tcgplayer.com/product/195298/pokemon-sm-unified-minds-poke-maniac-full-art,
80,Slowbro,Recall,Gym Heroes,116,https://www.tcgplayer.com/product/88650/pokemon-gym-heroes-recall,
,,Sabrina's Gastly,Gym Challenge,96,https://www.tcgplayer.com/product/88871/pokemon-gym-challenge-sabrinas-gastly-96,shadow
,Mega Slowbro,Slowbro Spirit Link,Evolutions,86,https://www.tcgplayer.com/product/124099/pokemon-xy-evolutions-slowbro-spirit-link,
,,Poncho-wearing Pikachu,XY-P Promos,203,https://www.tcgplayer.com/product/602107/pokemon-japan-xy-p-xy-promos-poncho-wearing-pikachu-203-xy-p,costume
81,Magnemite,Switch,Base Set,95,https://www.tcgplayer.com/product/42439/pokemon-base-set-switch,
,,,Base Set 2,123,https://www.tcgplayer.com/product/42564/pokemon-base-set-2-switch,
,,,VS: Tropical Mega Battle,-,,
,,,Evolutions,88,https://www.tcgplayer.com/product/124101/pokemon-xy-evolutions-switch,
,,Computer Error,Wizards Promos,16,https://www.tcgplayer.com/product/84414/pokemon-wotc-promo-computer-error-rockets-secret-machine,
,,Super Scoop Up,Neo Genesis,98,https://www.tcgplayer.com/product/89634/pokemon-neo-genesis-super-scoop-up,
,,,VS: Tropical Mega Battle,-,,
,,,Expedition,151,https://www.tcgplayer.com/product/89635/pokemon-expedition-super-scoop-up,
,,,FireRed & LeafGreen,99,https://www.tcgplayer.com/product/89636/pokemon-firered-and-leafgreen-super-scoop-up,
,,,Delta Species,100,https://www.tcgplayer.com/product/89637/pokemon-delta-species-super-scoop-up,
,,,Celestial Storm,146,https://www.tcgplayer.com/product/171007/pokemon-sm-celestial-storm-super-scoop-up,
,,Holon Researcher,Delta Species,95,https://www.tcgplayer.com/product/86150/pokemon-delta-species-holon-researcher,
,,Spiky-Eared Pichu M,2009 Card Design Contest,Kindergarten,https://www.tcgplayer.com/product/617338/pokemon-japan-pokemon-card-design-contest-spiky-eared-pichu-m-shunsuke-takemori,
,,Illusion's Zorua,2010 Card Design Contest,2nd Grade,,
,,Magnezone,Unified Minds,60,https://www.tcgplayer.com/product/194986/pokemon-sm-unified-minds-magnezone,
,,Magnezone,Crown Zenith,GG18,https://www.tcgplayer.com/product/478036/pokemon-swsh-crown-zenith-galarian-gallery-magnezone,
,,Computer Search,Base Set,71,https://www.tcgplayer.com/product/42417/pokemon-base-set-computer-search,picture
,,,Base Set 2,101,https://www.tcgplayer.com/product/42446/pokemon-base-set-2-computer-search,
,,,TCG Classic: Venusaur Deck,20,https://www.tcgplayer.com/product/591962/pokemon-japan-pokemon-tcg-classic-venusaur-computer-search-clf,
,,,TCG Classic: Charizard Deck,20,https://www.tcgplayer.com/product/591929/pokemon-japan-pokemon-tcg-classic-charizard-computer-search-cll,
,,,TCG Classic: Blastoise Deck,20,https://www.tcgplayer.com/product/591894/pokemon-japan-pokemon-tcg-classic-blastoise-computer-search-clb,
,,Computer Search,Boundaries Crossed,137,https://www.tcgplayer.com/product/84416/pokemon-boundaries-crossed-computer-search,
,,Iono,Paldea Evolved,185,https://www.tcgplayer.com/product/497557/pokemon-sv02-paldea-evolved-iono-185-193,hairpiece
,,,Paldean Fates,80,https://www.tcgplayer.com/product/534442/pokemon-sv-paldean-fates-iono-080-091,
,,Iono,Paldea Evolved,254,https://www.tcgplayer.com/product/497669/pokemon-sv02-paldea-evolved-iono-254-193,
,,Iono,Paldea Evolved,269,https://www.tcgplayer.com/product/497689/pokemon-sv02-paldea-evolved-iono-269-193,
,,Iono,Paldean Fates,237,https://www.tcgplayer.com/product/535101/pokemon-sv-paldean-fates-iono-237-091,
,,Iono,SV Promos,124,https://www.tcgplayer.com/product/545661/pokemon-sv-scarlet-and-violet-promo-cards-iono-124,
,,Iono's Kilowattrel,Journey Together,163,https://www.tcgplayer.com/product/623590/pokemon-sv09-journey-together-ionos-kilowattrel-163-159,
,,Iono's Bellibolt ex,Journey Together,172,https://www.tcgplayer.com/product/623599/pokemon-sv09-journey-together-ionos-bellibolt-ex-172-159,
,,,Journey Together,188,https://www.tcgplayer.com/product/623615/pokemon-sv09-journey-together-ionos-bellibolt-ex-188-159,
,,Iono's Bellibolt ex,Journey Together,183,https://www.tcgplayer.com/product/623610/pokemon-sv09-journey-together-ionos-bellibolt-ex-183-159,
,,Iono's Wattrel,Ascended Heroes,231,https://www.tcgplayer.com/product/676043/pokemon-me-ascended-heroes-ionos-wattrel-231-217,
,,Iono's Bellibolt ex,SV Promos,194,https://www.tcgplayer.com/product/628320/pokemon-sv-scarlet-and-violet-promo-cards-ionos-bellibolt-ex-194,
,,Iono's Bellibolt ex,Ascended Heroes,279,https://www.tcgplayer.com/product/676091/pokemon-me-ascended-heroes-ionos-bellibolt-ex-279-217,
82,Magneton,Magnezone,Crown Zenith,GG18,https://www.tcgplayer.com/product/478036/pokemon-swsh-crown-zenith-galarian-gallery-magnezone,
83,Farfetch'd,Pokémon Trader,Base Set,77,https://www.tcgplayer.com/product/108648/pokemon-base-set-pokemon-trader,
,,,Base Set 2,106,https://www.tcgplayer.com/product/106358/pokemon-base-set-2-pokemon-trader,
,,,Legendary Collection,103,https://www.tcgplayer.com/product/88242/pokemon-legendary-collection-pokemon-trader,
,,Computer Error,Wizards Promos,16,https://www.tcgplayer.com/product/84414/pokemon-wotc-promo-computer-error-rockets-secret-machine,only its leek
84,Doduo,Machoke,Expansion Sheet 3,-,https://www.tcgplayer.com/product/617537/pokemon-japan-vending-machine-cards-series-3-green-machoke,
,,Digger,Team Rocket,75,https://www.tcgplayer.com/product/84815/pokemon-team-rocket-digger-rockets-secret-machine,
,,Machamp,Wizards Promos,43,https://www.tcgplayer.com/product/86961/pokemon-wotc-promo-machamp,
,,Lucky Stadium,Neo Destiny,100,https://www.tcgplayer.com/product/86893/pokemon-neo-destiny-lucky-stadium,
,,No.1 Trainer,Battle Road Promo,-,,"has prints in Neo and e-Card layouts, with both girl and boy trainers"
,,No.2 Trainer,Battle Road Promo,-,,
,,Ditto,Skyridge,51,https://www.tcgplayer.com/product/84830/pokemon-skyridge-ditto,wall painting
,,Eevee,Skyridge,54,https://www.tcgplayer.com/product/85077/pokemon-skyridge-eevee,
,,Wobbuffet,Skyridge,45,https://www.tcgplayer.com/product/90615/pokemon-skyridge-wobbuffet,
85,Dodrio,Jigglypuff,Southern Islands,8,https://www.tcgplayer.com/product/46482/pokemon-southern-islands-jigglypuff,
,,Galarian Zapdos,SWSH Promos,283,https://www.tcgplayer.com/product/488274/pokemon-swsh-sword-and-shield-promo-cards-galarian-zapdos-swsh283,
,,Ledyba,Southern Islands,7,https://www.tcgplayer.com/product/46481/pokemon-southern-islands-ledyba,only partially visible
87,Dewgong,Misty's Favor,Unified Minds,202,https://www.tcgplayer.com/product/195257/pokemon-sm-unified-minds-mistys-favor,mural
,,Misty's Cerulean City Gym,Hidden Fates,61,https://www.tcgplayer.com/product/197716/pokemon-hidden-fates-mistys-cerulean-city-gym,
88,Grimer,Dewott,Legendary Treasures,38,https://www.tcgplayer.com/product/84796/pokemon-legendary-treasures-dewott,
,,Eevee,Hidden Fates,48,https://www.tcgplayer.com/product/197693/pokemon-hidden-fates-eevee-48,
89,Muk,Challenge!,Team Rocket,74,https://www.tcgplayer.com/product/84159/pokemon-team-rocket-challenge,
,,,Legendary Collection,106,https://www.tcgplayer.com/product/84160/pokemon-legendary-collection-challenge,
90,Shellder,Horsea,Aquapolis,84,https://www.tcgplayer.com/product/86186/pokemon-aquapolis-horsea-84,
,,Slowpoke,BREAKpoint,19,https://www.tcgplayer.com/product/111522/pokemon-xy-breakpoint-slowpoke,
,,Solosis,Fates Collide,33,https://www.tcgplayer.com/product/117793/pokemon-xy-fates-collide-solosis,
,,Slowpoke & Psyduck-GX,Unified Minds,218,https://www.tcgplayer.com/product/194955/pokemon-sm-unified-minds-slowpoke-and-psyduck-gx-alternate-full-art,
,,Medicham V,Evolving Skies,186,https://www.tcgplayer.com/product/246707/pokemon-swsh07-evolving-skies-medicham-v-alternate-full-art,
,,Wiglett,Scarlet & Violet,206,https://www.tcgplayer.com/product/490067/pokemon-sv01-scarlet-and-violet-base-set-wiglett-206-198,
,,Relicanth,Temporal Forces,173,https://www.tcgplayer.com/product/542894/pokemon-sv05-temporal-forces-relicanth-173-162,
91,Cloyster,Medicham V,Evolving Skies,186,https://www.tcgplayer.com/product/246707/pokemon-swsh07-evolving-skies-medicham-v-alternate-full-art,
92,Gastly,The Puzzle of Pokémon Tower?,Expansion Sheet 3,-,,
,,Morty's Marowak,VS,23,https://www.tcgplayer.com/product/622634/pokemon-japan-pokemon-vs-mortys-marowak,
,,Gourgeist,Art Academy Promo,rina,,
,,Sabrina's Haunter,Gym Heroes,58,https://www.tcgplayer.com/product/88878/pokemon-gym-heroes-sabrinas-haunter,silhouette
,,Greavard,Scarlet & Violet,214,https://www.tcgplayer.com/product/490073/pokemon-sv01-scarlet-and-violet-base-set-greavard-214-198,plushie
93,Haunter,Bill's PC,Expansion Sheet 3,-,https://www.tcgplayer.com/product/617517/pokemon-japan-vending-machine-cards-series-3-green-bills-pc,
,,The Puzzle of Pokémon Tower?,Expansion Sheet 3,-,https://www.tcgplayer.com/product/617557/pokemon-japan-vending-machine-cards-series-3-green-the-puzzle-of-pokemon-tower,
,,Gourgeist,Art Academy Promo,rina,,
,,Psyduck,SM-P Promos,286,https://www.tcgplayer.com/product/598363/pokemon-japan-sm-p-sun-and-moon-promos-psyduck-286-sm-p,
,,Gastly,Temporal Forces,177,https://www.tcgplayer.com/product/542898/pokemon-sv05-temporal-forces-gastly-177-162,
,,Paradise Resort,SV Promos,224,https://www.tcgplayer.com/product/649232/pokemon-sv-scarlet-and-violet-promo-cards-paradise-resort-224-world-championships-2025,
,,Acerola,SM-P Promos,395,https://www.tcgplayer.com/product/598472/pokemon-japan-sm-p-sun-and-moon-promos-acerola-395-sm-p,silhouette
94,Gengar,Imposter Oak's Revenge,Team Rocket,76,https://www.tcgplayer.com/product/86270/pokemon-team-rocket-imposter-oaks-revenge,
,,Rocket's Hideout,Neo Revelation,63,https://www.tcgplayer.com/product/88770/pokemon-neo-revelation-rockets-hideout,
,,Hoppip,How I Became a Pokémon Card,-,https://www.tcgplayer.com/product/617205/pokemon-japan-how-i-became-a-pokemon-card-hoppip,
,,Gourgeist,Art Academy Promo,rina,,
,,Psyduck,SM-P Promos,286,https://www.tcgplayer.com/product/598363/pokemon-japan-sm-p-sun-and-moon-promos-psyduck-286-sm-p,
,,Surprise Box,Unbroken Bonds,187,https://www.tcgplayer.com/product/189296/pokemon-sm-unbroken-bonds-surprise-box,
,,Pikachu,151,173,https://www.tcgplayer.com/product/513721/pokemon-sv-scarlet-and-violet-151-pikachu-173-165,
,,Victini ex,SV-P Promos,52,,"this card was only released in Traditional Chinese, Indonesian, Thai, and Simplified Chinese"
,,Gastly,Temporal Forces,177,https://www.tcgplayer.com/product/542898/pokemon-sv05-temporal-forces-gastly-177-162,
,,Morty's Conviction,Temporal Forces,211,https://www.tcgplayer.com/product/542932/pokemon-sv05-temporal-forces-mortys-conviction-211-162,
,,Pikachu,Collection 151,172,,this card was only released in Simplified Chinese
,,Sabrina's Haunter,Gym Heroes,58,https://www.tcgplayer.com/product/88878/pokemon-gym-heroes-sabrinas-haunter,silhouette
,,Blaine's Quiz #1,Gym Heroes,97,https://www.tcgplayer.com/product/83879/pokemon-gym-heroes-blaines-quiz-1,
,,Acerola,SM-P Promos,395,https://www.tcgplayer.com/product/598472/pokemon-japan-sm-p-sun-and-moon-promos-acerola-395-sm-p,
,,Mimikyu V,Brilliant Stars,TG16,https://www.tcgplayer.com/product/264221/pokemon-swsh09-brilliant-stars-trainer-gallery-mimikyu-v,plushie
,,Greavard,Scarlet & Violet,214,https://www.tcgplayer.com/product/490073/pokemon-sv01-scarlet-and-violet-base-set-greavard-214-198,
,Mega Gengar,Pikachu,XY-P Promos,90,https://www.tcgplayer.com/product/601995/pokemon-japan-xy-p-xy-promos-pikachu-090-xy-p,
,,Gengar Spirit Link,Phantom Forces,95,https://www.tcgplayer.com/product/94663/pokemon-xy-phantom-forces-gengar-spirit-link,
95,Onix,Brock's Training Method,Gym Heroes,106,https://www.tcgplayer.com/product/83985/pokemon-gym-heroes-brocks-training-method,
,,Computer Error,Wizards Promos,16,https://www.tcgplayer.com/product/84414/pokemon-wotc-promo-computer-error-rockets-secret-machine,
,,Pidgeot,Southern Islands,2,https://www.tcgplayer.com/product/46476/pokemon-southern-islands-pidgeot,
,,Lucky Stadium,Kyūshū World Challenge Promo,-,,
,,Brock's Training,Hidden Fates,55,https://www.tcgplayer.com/product/197704/pokemon-hidden-fates-brocks-training,
,,Blaine's Quiz #2,Gym Challenge,111,https://www.tcgplayer.com/product/83880/pokemon-gym-challenge-blaines-quiz-2,silhouette
,,Brock's Protection,Gym Challenge,101,https://www.tcgplayer.com/product/83977/pokemon-gym-challenge-brocks-protection,clothing design
,,Umbreon ,Neo Discovery ,32,https://www.tcgplayer.com/product/90142/pokemon-neo-discovery-umbreon-32,carving
96,Drowzee,Team Rocket's Wobbuffet,SV Promos,203,https://www.tcgplayer.com/product/635467/pokemon-sv-scarlet-and-violet-promo-cards-team-rockets-wobbuffet,
97,Hypno,Clefairy,BREAKpoint,81,https://www.tcgplayer.com/product/111617/pokemon-xy-breakpoint-clefairy,
,,Snorlax,Fates Collide,77,https://www.tcgplayer.com/product/117852/pokemon-xy-fates-collide-snorlax,only partially visible
98,Krabby,Horsea of the Seafoam Islands,Expansion Sheet 3,-,https://www.tcgplayer.com/product/617527/pokemon-japan-vending-machine-cards-series-3-green-horsea-of-the-seafoam-islands,
,,Blaine's Quiz #1,Gym Heroes,97,https://www.tcgplayer.com/product/83879/pokemon-gym-heroes-blaines-quiz-1,silhouette
,,Champions Festival,XY Promos,176,https://www.tcgplayer.com/product/199330/pokemon-xy-promos-champions-festival-2016,sign
,,Misty's Cerulean City Gym,Hidden Fates,61,https://www.tcgplayer.com/product/197716/pokemon-hidden-fates-mistys-cerulean-city-gym,mural
100,Voltorb,Machamp,Wizards Promos,43,https://www.tcgplayer.com/product/86961/pokemon-wotc-promo-machamp,
,,No.1 Trainer,Battle Road Promo,-,,"has prints in Neo and e-Card layouts, with both girl and boy trainers"
,,Pokémon Retriever,Team Rocket Returns,84,https://www.tcgplayer.com/product/88234/pokemon-team-rocket-returns-pokemon-retriever,
,,Holon Scientist,Delta Species,97,https://www.tcgplayer.com/product/86152/pokemon-delta-species-holon-scientist,
,,Electrode,Team Up,39,https://www.tcgplayer.com/product/183812/pokemon-sm-team-up-electrode,
,,Eevee,Hidden Fates,48,https://www.tcgplayer.com/product/197693/pokemon-hidden-fates-eevee-48,
,,Power Plant,Cosmic Eclipse,269,https://www.tcgplayer.com/product/201361/pokemon-sm-cosmic-eclipse-power-plant-secret,
,,Minccino,Sword & Shield,146,https://www.tcgplayer.com/product/208466/pokemon-swsh01-sword-and-shield-base-set-minccino-146,plushie
,,Eevee,SV Promos,173,https://www.tcgplayer.com/product/610758/pokemon-sv-scarlet-and-violet-promo-cards-eevee-173,
,,Lt. Surge's Bargain,Mega Evolution,185,https://www.tcgplayer.com/product/654524/pokemon-me01-mega-evolution-lt-surges-bargain-185-132,exercize ball
,,Mightyena,Astral Radiance,TG09,https://www.tcgplayer.com/product/272480/pokemon-swsh10-astral-radiance-trainer-gallery-mightyena,sweets
,,Morpeko,Paradox Rift,206,https://www.tcgplayer.com/product/523887/pokemon-sv04-paradox-rift-morpeko-206-182,
,,Pokémon Communication,Team Up,152b,https://www.tcgplayer.com/product/216702/pokemon-alternate-art-promos-pokemon-communication-152b-181?Language=English,silhouette
,Hisuian Voltorb,Celebratory Fanfare,S-P Promos,306,https://www.tcgplayer.com/product/597479/pokemon-japan-s-p-sword-and-shield-promos-celebration-fanfare-306-s-p,
101,Electrode,Spiky-Eared Pichu M,2009 Card Design Contest,Kindergarten,https://www.tcgplayer.com/product/617338/pokemon-japan-pokemon-card-design-contest-spiky-eared-pichu-m-shunsuke-takemori,
,,Pikachu's Summer Vacation,Miscellaneous Promos,-,https://www.tcgplayer.com/product/617250/pokemon-japan-corocoro-promotional-cards-pikachus-summer-vacation-jumbo,flag staff; Jumbo
,,Sophocles,Burning Shadows,123,https://www.tcgplayer.com/product/138618/pokemon-sm-burning-shadows-sophocles,keychain
,,,Shining Legends,65,https://www.tcgplayer.com/product/146732/pokemon-shining-legends-sophocles,
102,Exeggcute,Alolan Exeggutor,Team Up,115,https://www.tcgplayer.com/product/183902/pokemon-sm-team-up-alolan-exeggutor-115,
103,Exeggutor,No.1 Trainer,Tropical Mega Battle Promo,-,,
,,No.2 Trainer,Tropical Mega Battle Promo,-,https://www.tcgplayer.com/product/679791/pokemon-japan-player-placement-trainer-promos-no2-trainer-1999-tropical-mega-battle,
,,No.3 Trainer,Tropical Mega Battle Promo,-,,
,,Lucky Stadium,Tropical Mega Battle Promo,-,https://www.tcgplayer.com/product/662099/pokemon-japan-trainer-prize-cards-lucky-stadium-2000-tropical-mega-battle,
,,Tropical Breeze,VS: Tropical Mega Battle,-,,
,,Flareon VMAX,SWSH Promos,180,https://www.tcgplayer.com/product/253415/pokemon-swsh-sword-and-shield-promo-cards-flareon-vmax-swsh180,
,,Ledyba,Southern Islands,7,https://www.tcgplayer.com/product/46481/pokemon-southern-islands-ledyba,only partially visible
,Alolan Exeggutor,Exeggcute,Crimson Invasion,4,https://www.tcgplayer.com/product/149025/pokemon-sm-crimson-invasion-exeggcute,
,,Champions Festival,SM Promos,78,https://www.tcgplayer.com/product/179429/pokemon-sm-promos-champions-festival-sm78-world-championships-2017,
,,Exeggcute,SM Promos,119,https://www.tcgplayer.com/product/168026/pokemon-sm-promos-exeggcute-sm119,
,,Jirachi,SM-P Promos,89,https://www.tcgplayer.com/product/598166/pokemon-japan-sm-p-sun-and-moon-promos-jirachi-089-sm-p,
,,Player's Ceremony,SM-P Promos,248,https://www.tcgplayer.com/product/598325/pokemon-japan-sm-p-sun-and-moon-promos-players-ceremony-248-sm-p,
,,Koko,Koko Illustration Contest,Parent-Child,,Jumbo
,,Paradise Resort,SV Promos,150,https://www.tcgplayer.com/product/578146/pokemon-sv-scarlet-and-violet-promo-cards-paradise-resort-150-world-championships-2024,
,,Paradise Resort,SV Promos,224,https://www.tcgplayer.com/product/649232/pokemon-sv-scarlet-and-violet-promo-cards-paradise-resort-224-world-championships-2025,
,,Croagunk,Burning Shadows,54,https://www.tcgplayer.com/product/138536/pokemon-sm-burning-shadows-croagunk,bus
,,Champions Festival,SM Promos,231,https://www.tcgplayer.com/product/198360/pokemon-sm-promos-champions-festival-sm231-world-championships-2019,picture
,,Oddish,Phantasmal Flames,1,https://www.tcgplayer.com/product/662205/pokemon-me02-phantasmal-flames-oddish,sticker
,,Pikachu at the Museum,MEP Promos,-,https://www.tcgplayer.com/product/678659/pokemon-jumbo-cards-pikachu-at-the-museum,stained glass; Jumbo
104,Cubone,Mr. Fuji,Fossil,58,https://www.tcgplayer.com/product/44460/pokemon-fossil-mr-fuji,
,,The Puzzle of Pokémon Tower?,Expansion Sheet 3,-,https://www.tcgplayer.com/product/617557/pokemon-japan-vending-machine-cards-series-3-green-the-puzzle-of-pokemon-tower,
,,Pikachu,SM-P Promos,200,https://www.tcgplayer.com/product/598277/pokemon-japan-sm-p-sun-and-moon-promos-pikachu-200-sm-p,
,,Pikachu,Collection 151,173,,this card was only released in Simplified Chinese
105,Marowak,Cubone,Forbidden Light,57,https://www.tcgplayer.com/product/165709/pokemon-sm-forbidden-light-cubone,cloud
,,Charmander,MEP Promos,38,https://www.tcgplayer.com/product/684462/pokemon-me-mega-evolution-promo-charmander-038,Ghost
106,Hitmonlee,Guard Spec.,Expansion Sheet 2,-,https://www.tcgplayer.com/product/617492/pokemon-japan-vending-machine-cards-series-2-red-guard-spec,
,,Challenge!,Team Rocket,74,https://www.tcgplayer.com/product/84159/pokemon-team-rocket-challenge,
,,,Legendary Collection,106,https://www.tcgplayer.com/product/84160/pokemon-legendary-collection-challenge,
,,Black Belt,Triumphant,85,https://www.tcgplayer.com/product/83850/pokemon-triumphant-black-belt,
,,Hitmonchan,Sword & Shield,95,https://www.tcgplayer.com/product/208404/pokemon-swsh01-sword-and-shield-base-set-hitmonchan,silhouette
,,,TCG Classic: Venusaur Deck,12,https://www.tcgplayer.com/product/591954/pokemon-japan-pokemon-tcg-classic-venusaur-hitmonchan,
107,Hitmonchan,Machamp,Wizards Promos,43,https://www.tcgplayer.com/product/86961/pokemon-wotc-promo-machamp,
,,Tyrogue,Aquapolis,63,https://www.tcgplayer.com/product/90127/pokemon-aquapolis-tyrogue,
,,Hitmontop,Aquapolis,82,https://www.tcgplayer.com/product/86113/pokemon-aquapolis-hitmontop,
,,Tyrogue,P Promos,23,https://www.tcgplayer.com/product/613738/pokemon-japan-p-promotional-cards-tyrogue-023-p,
,,Pokémon Pal City,Chūbu Battle City Promo,-,,
,,Black Belt,Triumphant,85,https://www.tcgplayer.com/product/83850/pokemon-triumphant-black-belt,
,,Hitmonlee,Sword & Shield,94,https://www.tcgplayer.com/product/208403/pokemon-swsh01-sword-and-shield-base-set-hitmonlee,silhouette
,,,TCG Classic: Venusaur Deck,11,https://www.tcgplayer.com/product/591953/pokemon-japan-pokemon-tcg-classic-venusaur-hitmonlee,
108,Lickitung,Mr. Fuji,Fossil,58,https://www.tcgplayer.com/product/44460/pokemon-fossil-mr-fuji,
,,Paradise Resort,SV Promos,224,https://www.tcgplayer.com/product/649232/pokemon-sv-scarlet-and-violet-promo-cards-paradise-resort-224-world-championships-2025,
109,Koffing,Imposter Oak's Revenge,Team Rocket,76,https://www.tcgplayer.com/product/86270/pokemon-team-rocket-imposter-oaks-revenge,
,,Koga's Ninja Gym,Miscellaneous Promos,-,https://www.tcgplayer.com/product/617233/pokemon-japan-corocoro-promotional-cards-kogas-ninja-gym,
,,Pokémon Fan Club,POP Series 4,9,https://www.tcgplayer.com/product/88226/pokemon-pop-series-4-pokemon-fan-club,
,,Arcade Game,Neo Genesis,83,https://www.tcgplayer.com/product/83573/pokemon-neo-genesis-arcade-game-goldenrod-game-corner,picture
,,Arcade Game,"Gold, Silver, to a New World...",-,https://www.tcgplayer.com/product/575828/pokemon-japan-gold-silver-to-a-new-world-arcade-game,
,,Venipede,Boundaries Crossed,72,https://www.tcgplayer.com/product/90296/pokemon-boundaries-crossed-venipede,sign
,,Virbank City Gym,Plasma Storm,126,https://www.tcgplayer.com/product/90385/pokemon-plasma-storm-virbank-city-gym,
,,Roxie,Cosmic Eclipse,205,https://www.tcgplayer.com/product/201325/pokemon-sm-cosmic-eclipse-roxie,
,,Roxie's Performance,Chaos Rising,121,https://www.tcgplayer.com/product/693542/pokemon-me04-chaos-rising-roxies-performance-121-086,
,,Roxie,Tag All Stars,197,https://www.tcgplayer.com/product/572851/pokemon-japan-sm12a-tag-team-gx-tag-all-stars-roxie,grafitti
110,Weezing,Transparent Walls,Gym Challenge,125,https://www.tcgplayer.com/product/90017/pokemon-gym-challenge-transparent-walls,
,,Switch,Expedition,157,https://www.tcgplayer.com/product/89711/pokemon-expedition-switch,
,,Rust Syndicate Grunt,Abyss Eye,77,https://www.tcgplayer.com/product/695109/pokemon-japan-m5-abyss-eye-rust-syndicate-grunt-077-081,statue
,Galarian Weezing,Champions Festival,SWSH Promos,296,https://www.tcgplayer.com/product/575154/pokemon-swsh-sword-and-shield-promo-cards-champions-festival-swsh296-world-championships-2022,
,,Yanma,Astral Radiance,6,https://www.tcgplayer.com/product/272206/pokemon-swsh10-astral-radiance-yanma,statue
,,Swinub,Astral Radiance,31,https://www.tcgplayer.com/product/272231/pokemon-swsh10-astral-radiance-swinub,
,,Misdreavus,Astral Radiance,58,https://www.tcgplayer.com/product/272259/pokemon-swsh10-astral-radiance-misdreavus,
,,Adaman,Astral Radiance,135,https://www.tcgplayer.com/product/272387/pokemon-swsh10-astral-radiance-adaman,
,,Cyllene,Astral Radiance,138,https://www.tcgplayer.com/product/272390/pokemon-swsh10-astral-radiance-cyllene,
,,Jubilife Village,Astral Radiance,148,https://www.tcgplayer.com/product/272400/pokemon-swsh10-astral-radiance-jubilife-village,
,,Jubilife Village,Astral Radiance,212,https://www.tcgplayer.com/product/272467/pokemon-swsh10-astral-radiance-jubilife-village-secret,
111,Rhyhorn,Eevee,SM Promos,235,https://www.tcgplayer.com/product/200276/pokemon-sm-promos-eevee-sm235,
,,Arceus V,SWSH Promos,204,https://www.tcgplayer.com/product/271837/pokemon-swsh-sword-and-shield-promo-cards-arceus-v-swsh204,
112,Rhydon,The Last Cave – Cerulean!,Expansion Sheet 3,-,https://www.tcgplayer.com/product/617556/pokemon-japan-vending-machine-cards-series-3-green-the-last-cave-cerulean,
,,Pokémon Personality Test,Neo Destiny,102,https://www.tcgplayer.com/product/88232/pokemon-neo-destiny-pokemon-personality-test,
,,Old PC,Darkness Ablaze,164,https://www.tcgplayer.com/product/219278/pokemon-swsh03-darkness-ablaze-old-pc,
,,Salvatore,Temporal Forces,212,https://www.tcgplayer.com/product/542933/pokemon-sv05-temporal-forces-salvatore-212-162,embroidery
113,Chansey,Machoke,Expansion Sheet 3,-,https://www.tcgplayer.com/product/617537/pokemon-japan-vending-machine-cards-series-3-green-machoke,
,,No.1 Trainer,Battle Road Promo,-,,"has prints in Neo and e-Card layouts, with both girl and boy trainers"
,,No.2 Trainer,Battle Road Promo,-,,
,,Pokémon Center,Wizards Promos,40,https://www.tcgplayer.com/product/88213/pokemon-wotc-promo-pokemon-center,
,,Pokémon Center Lady,Hidden Fates,64,https://www.tcgplayer.com/product/197724/pokemon-hidden-fates-pokemon-center-lady,
,,Blissey V,Chilling Reign,183,https://www.tcgplayer.com/product/241798/pokemon-swsh06-chilling-reign-blissey-v-alternate-full-art,picture
,,Excadrill,Temporal Forces,174,https://www.tcgplayer.com/product/542895/pokemon-sv05-temporal-forces-excadrill-174-162,wrapper
,,Team Rocket's Wobbuffet,SV Promos,203,https://www.tcgplayer.com/product/635467/pokemon-sv-scarlet-and-violet-promo-cards-team-rockets-wobbuffet,
114,Tangela,Tangrowth,Art Academy Promo,Gosha,,
115,Kangaskhan,Sylveon VMAX,Evolving Skies,212,https://www.tcgplayer.com/product/246704/pokemon-swsh07-evolving-skies-sylveon-vmax-alternate-art-secret,
,,Mega Kangaskhan ex,Mega Evolution,164,https://www.tcgplayer.com/product/654503/pokemon-me01-mega-evolution-mega-kangaskhan-ex-164-132,
,Mega Kangaskhan,Mega Lucario ex,Mega Evolution,179,https://www.tcgplayer.com/product/654518/pokemon-me01-mega-evolution-mega-lucario-ex-179-132,
116,Horsea,Misty's Duel,Gym Heroes,123,https://www.tcgplayer.com/product/87527/pokemon-gym-heroes-mistys-duel,
,,Horsea of the Seafoam Islands,Expansion Sheet 3,-,https://www.tcgplayer.com/product/617527/pokemon-japan-vending-machine-cards-series-3-green-horsea-of-the-seafoam-islands,
,,Wartortle,Southern Islands,15,https://www.tcgplayer.com/product/46472/pokemon-southern-islands-wartortle,
,,Goldeen,BREAKthrough,27,https://www.tcgplayer.com/product/107146/pokemon-xy-breakthrough-goldeen,
,,Vaporeon VMAX,SWSH Promos,182,https://www.tcgplayer.com/product/253417/pokemon-swsh-sword-and-shield-promo-cards-vaporeon-vmax-swsh182,
,,Totodile,Phantom Forces,15,https://www.tcgplayer.com/product/94148/pokemon-xy-phantom-forces-totodile,statue
,,Wooper,SV Promos,155,https://www.tcgplayer.com/product/594389/pokemon-sv-scarlet-and-violet-promo-cards-wooper-155,engraving
,,Quagsire,SV Promos,156,https://www.tcgplayer.com/product/594403/pokemon-sv-scarlet-and-violet-promo-cards-quagsire-156,
117,Seadra,New Year Present,Miscellaneous Promos,-,https://www.tcgplayer.com/product/617342/pokemon-japan-pokemon-card-fan-club-new-year-present-jumbo,Jumbo
118,Goldeen,Misty's Cerulean City Gym,Hidden Fates,61,https://www.tcgplayer.com/product/197716/pokemon-hidden-fates-mistys-cerulean-city-gym,mural
119,Seaking,Mew,Art Academy Promo,Phanpy,,this card was only released in German
120,Staryu,Misty's Tears,Leaders' Stadium,-,https://www.tcgplayer.com/product/576829/pokemon-japan-leaders-stadium-mistys-tears,
,,Horsea of the Seafoam Islands,Expansion Sheet 3,-,,
,,Lucky Stadium,Tropical Mega Battle Promo,-,https://www.tcgplayer.com/product/662099/pokemon-japan-trainer-prize-cards-lucky-stadium-2000-tropical-mega-battle,
,,Tynamo,Unified Minds,64,https://www.tcgplayer.com/product/194990/pokemon-sm-unified-minds-tynamo-64,
,,Veluza,Paradox Rift,192,https://www.tcgplayer.com/product/523873/pokemon-sv04-paradox-rift-veluza-192-182,
,,Team Rocket's Meowth,Wizards Promos,18,https://www.tcgplayer.com/product/89851/pokemon-wotc-promo-team-rockets-meowth,silhouette
,,Pokémon Communication,Team Up,152b,https://www.tcgplayer.com/product/216702/pokemon-alternate-art-promos-pokemon-communication-152b-181?Language=English,
,,Pikachu Wearing a Batik Shirt,SV-P Promos,155,,clothing design; this card was only released in Indonesian
,,Misty's Cerulean City Gym,Hidden Fates,61,https://www.tcgplayer.com/product/197716/pokemon-hidden-fates-mistys-cerulean-city-gym,mural
,,Wooper,Vivid Voltage,83,https://www.tcgplayer.com/product/226491/pokemon-swsh04-vivid-voltage-wooper,bath toy
,,Mantyke,Paradox Rift,189,https://www.tcgplayer.com/product/523870/pokemon-sv04-paradox-rift-mantyke-189-182,mug
,,Morpeko,Paradox Rift,206,https://www.tcgplayer.com/product/523887/pokemon-sv04-paradox-rift-morpeko-206-182,sweets
121,Starmie,Gyarados,Pokémon Rumble,6,https://www.tcgplayer.com/product/85996/pokemon-rumble-gyarados,
,,Kirlia,BREAKthrough,69,https://www.tcgplayer.com/product/107188/pokemon-xy-breakthrough-kirlia,
,,Misty's Water Command,Hidden Fates,63,https://www.tcgplayer.com/product/197720/pokemon-hidden-fates-mistys-water-command,
,,Mega Starmie ex,Perfect Order,102,https://www.tcgplayer.com/product/684361/pokemon-me03-perfect-order-mega-starmie-ex-102-088,
,,Chespin,SM-P Promos,260,https://www.tcgplayer.com/product/598337/pokemon-japan-sm-p-sun-and-moon-promos-chespin-260-sm-p,ornament
,,Inkay,SM-P Promos,261,https://www.tcgplayer.com/product/598338/pokemon-japan-sm-p-sun-and-moon-promos-inkay-261-sm-p,
,,Misty's Favor,Unified Minds,202,https://www.tcgplayer.com/product/195257/pokemon-sm-unified-minds-mistys-favor,mural
,,Misty's Cerulean City Gym,Hidden Fates,61,https://www.tcgplayer.com/product/197716/pokemon-hidden-fates-mistys-cerulean-city-gym,
122,Mr. Mime,Tickling Machine,Gym Heroes,119,https://www.tcgplayer.com/product/89910/pokemon-gym-heroes-tickling-machine,
,,Kirlia,BREAKthrough,69,https://www.tcgplayer.com/product/107188/pokemon-xy-breakthrough-kirlia,
,,Pikachu,151,173,https://www.tcgplayer.com/product/513721/pokemon-sv-scarlet-and-violet-151-pikachu-173-165,
,,Cincinno,Temporal Forces,183,https://www.tcgplayer.com/product/542904/pokemon-sv05-temporal-forces-cinccino-183-162,
,,Ditto,Delta Species,38,https://www.tcgplayer.com/product/84835/pokemon-delta-species-ditto-038-113-mr-mime,Ditto's disguise
,,Ditto,POP Series 3,12,https://www.tcgplayer.com/product/84842/pokemon-pop-series-3-ditto,
,Galarian Mr. Mime,Litleo,Lost Origin,28,https://www.tcgplayer.com/product/283899/pokemon-swsh11-lost-origin-litleo,
123,Scyther,The Rocket's Training Gym,Gym Heroes,104,https://www.tcgplayer.com/product/89896/pokemon-gym-heroes-the-rockets-training-gym,
,,Violence in the Safari Zone!,Expansion Sheet 3,-,https://www.tcgplayer.com/product/617559/pokemon-japan-vending-machine-cards-series-3-green-violence-in-the-safari-zone,
,,Venusaur-EX,XY Promos,123,https://www.tcgplayer.com/product/120701/pokemon-xy-promos-venusaur-ex-xy123,
,,Tarountula,Scarlet & Violet,199,https://www.tcgplayer.com/product/490293/pokemon-sv01-scarlet-and-violet-base-set-tarountula-199-198,
,,Spidops ex,Scarlet & Violet,243,https://www.tcgplayer.com/product/487147/pokemon-sv01-scarlet-and-violet-base-set-spidops-ex-243-198,only partially visible
124,Jynx,Koga's Tangela,Gym Challenge,81,https://www.tcgplayer.com/product/86518/pokemon-gym-challenge-kogas-tangela,
125,Electabuzz,Voltorb,Expansion Sheet 2,-,https://www.tcgplayer.com/product/617482/pokemon-japan-vending-machine-cards-series-2-red-voltorb,
,,Lt. Surge's Treaty,Gym Heroes,112,https://www.tcgplayer.com/product/86870/pokemon-gym-heroes-lt-surges-treaty,
,,Pokémon Reversal,Expedition,146,https://www.tcgplayer.com/product/88238/pokemon-expedition-pokemon-reversal,
,,Hitmontop,Furious Fists,49,https://www.tcgplayer.com/product/92226/pokemon-xy-furious-fists-hitmontop,
,,Pikachu-EX,XY Promos,124,https://www.tcgplayer.com/product/123436/pokemon-xy-promos-pikachu-ex-xy124,
,,Blaine's Quiz #1,Gym Heroes,97,https://www.tcgplayer.com/product/83879/pokemon-gym-heroes-blaines-quiz-1,silhouette
126,Magmar,Charizard-EX,XY Promos,121,https://www.tcgplayer.com/product/117267/pokemon-xy-promos-charizard-ex-xy121,
,,Firebreather,Phantasmal Flames,89,https://www.tcgplayer.com/product/662157/pokemon-me02-phantasmal-flames-firebreather-089-094,costume
,,Firebreather,Phantasmal Flames,119,https://www.tcgplayer.com/product/662158/pokemon-me02-phantasmal-flames-firebreather-119-094,
,,Blaine's Quiz Show,Unified Minds,186,https://www.tcgplayer.com/product/195216/pokemon-sm-unified-minds-blaines-quiz-show,curtains
127,Pinsir,Heracross,Neo Genesis,6,https://www.tcgplayer.com/product/86059/pokemon-neo-genesis-heracross,only partially visible
,,Umbreon V,Evolving Skies,189,https://www.tcgplayer.com/product/246719/pokemon-swsh07-evolving-skies-umbreon-v-alternate-full-art,silhouette
128,Tauros,Miltank,Neo Genesis,41,https://www.tcgplayer.com/product/87461/pokemon-neo-genesis-miltank,
,,Litten,MEP Promos,44,https://www.tcgplayer.com/product/684468/pokemon-me-mega-evolution-promo-litten-044,
,,Entei,POP Series 2,1,https://www.tcgplayer.com/product/85271/pokemon-pop-series-2-entei,only partially visible
,,Ditto,Skyridge,51,https://www.tcgplayer.com/product/84830/pokemon-skyridge-ditto,wall painting
,,Eevee,Skyridge,54,https://www.tcgplayer.com/product/85077/pokemon-skyridge-eevee,
,,Wobbuffet,Skyridge,45,https://www.tcgplayer.com/product/90615/pokemon-skyridge-wobbuffet,
,,Champions Festival,SM Promos,148,https://www.tcgplayer.com/product/175064/pokemon-sm-promos-champions-festival-sm148-world-championships-2018,mechanical bull
,,Salvatore,Temporal Forces,212,https://www.tcgplayer.com/product/542933/pokemon-sv05-temporal-forces-salvatore-212-162,embroidery
,Paldean Tauros,Youngster,Scarlet & Violet,198,https://www.tcgplayer.com/product/488108/pokemon-sv01-scarlet-and-violet-base-set-youngster,clothing design
129,Magikarp,Marill,Southern Islands,11,https://www.tcgplayer.com/product/46468/pokemon-southern-islands-marill,
,,Tropical Present,Miscellaneous Promos,late '99,https://www.tcgplayer.com/product/617345/pokemon-japan-pokemon-card-fan-club-tropical-present-summer-1999-jumbo,Jumbo
,,Slowbro,Aquapolis,33,https://www.tcgplayer.com/product/89302/pokemon-aquapolis-slowbro,
,,Pokémon Pal City,Chūbu Battle City Promo,-,,
,,Pikachu,Pokémon Rumble,7,https://www.tcgplayer.com/product/88096/pokemon-rumble-pikachu,
,,Qwilfish,HeartGold & SoulSilver,50,https://www.tcgplayer.com/product/88495/pokemon-heartgold-soulsilver-qwilfish,
,,Fisherman,HeartGold & SoulSilver,92,https://www.tcgplayer.com/product/85472/pokemon-heartgold-soulsilver-fisherman,
,,Mew,Art Academy Promo,Phanpy,,this card was only released in German
,,Brooklet Hill,Hidden Fates,SV88,https://www.tcgplayer.com/product/197842/pokemon-hidden-fates-shiny-vault-brooklet-hill,
,,Feraligatr,SV Promos,213,https://www.tcgplayer.com/product/620104/pokemon-sv-scarlet-and-violet-promo-cards-feraligatr-213-illustration-contest-2024,
,,Pretend Magikarp Pikachu,XY-P Promos,150,https://www.tcgplayer.com/product/602055/pokemon-japan-xy-p-xy-promos-pretend-magikarp-pikachu-150-xy-p,costume
,,Pikachu,BW-P Promos,©2013,,statue; Jumbo
,,Yanma,Astral Radiance,6,https://www.tcgplayer.com/product/272206/pokemon-swsh10-astral-radiance-yanma,statue
,,Ducklett,Twilight Masquerade,139,https://www.tcgplayer.com/product/550183/pokemon-sv06-twilight-masquerade-ducklett,
,,Popplio,MEP Promos,45,https://www.tcgplayer.com/product/684469/pokemon-me-mega-evolution-promo-popplio-045,boat
,,Ditto,SV-P Promos,173,https://www.tcgplayer.com/product/587909/pokemon-japan-sv-p-promotional-cards-ditto-166-sv-p,Ditto's disguise; this card was only released in Korean
130,Gyarados,New Year Present,Miscellaneous Promos,-,https://www.tcgplayer.com/product/617342/pokemon-japan-pokemon-card-fan-club-new-year-present-jumbo,Jumbo
,,Lucky Stadium,Chūgoku World Challenge Promo,-,,
,,Starmie,Pokémon Rumble,5,https://www.tcgplayer.com/product/89537/pokemon-rumble-starmie,
,,Blastoise-EX,XY Promos,122,https://www.tcgplayer.com/product/118862/pokemon-xy-promos-blastoise-ex-xy122,
,,Magikarp,Paldea Evolved,203,https://www.tcgplayer.com/product/497606/pokemon-sv02-paldea-evolved-magikarp-203-193,
,,Hiroshima's Pikachu,SV-P Promos ,261,https://www.tcgplayer.com/product/650763/pokemon-japan-sv-p-promotional-cards-hiroshimas-pikachu-261-sv-p,
,,Magikarp,M-P Promos,40,,this card was only released in Korean
,,Totodile,MEP Promos,48,https://www.tcgplayer.com/product/613935/pokemon-japan-mcdonalds-pok%C3%A9mon-e-minimum-pack-totodile,
,,Pretend Gyarados Pikachu,XY-P Promos,151,https://www.tcgplayer.com/product/602056/pokemon-japan-xy-p-xy-promos-pretend-gyarados-pikachu-151-xy-p,costume
,,Blaine's Quiz #1,Gym Heroes,97,https://www.tcgplayer.com/product/83879/pokemon-gym-heroes-blaines-quiz-1,silhouette
,,Hassel,Twilight Masquerade,151,https://www.tcgplayer.com/product/550195/pokemon-sv06-twilight-masquerade-hassel-151-167,"drawing, only partially visible"
,Mega Gyarados,Gyarados Spirit Link,BREAKpoint,101,https://www.tcgplayer.com/product/111632/pokemon-xy-breakpoint-gyarados-spirit-link,
131,Lapras,Misty's Treatment,Miscellaneous Promos,-,https://www.tcgplayer.com/product/670162/pokemon-japan-japanese-cd-promo-mistys-treatment,
,,Tropical Present,Miscellaneous Promos,late '99,https://www.tcgplayer.com/product/617345/pokemon-japan-pokemon-card-fan-club-tropical-present-summer-1999-jumbo,Jumbo
,,Paradise Resort,SV Promos,45,https://www.tcgplayer.com/product/518863/pokemon-sv-scarlet-and-violet-promo-cards-paradise-resort-045-world-championships-2023,
,,PokéPark's Mudkip,PCG-P Promos,48,https://www.tcgplayer.com/product/613479/pokemon-japan-pcg-p-promotional-cards-pokeparks-mudkip-048-pcg-p,only partially visible
,,Team Rocket's Meowth,Wizards Promos,18,https://www.tcgplayer.com/product/89851/pokemon-wotc-promo-team-rockets-meowth,silhouette
,,Ditto,SV-P Promos,173,https://www.tcgplayer.com/product/587909/pokemon-japan-sv-p-promotional-cards-ditto-166-sv-p,Ditto's disguise; this card was only released in Korean
,,Scraggy,Evolving Skies,98,https://www.tcgplayer.com/product/246896/pokemon-swsh07-evolving-skies-scraggy,picture
132,Ditto,Machoke,Expansion Sheet 3,-,https://www.tcgplayer.com/product/617537/pokemon-japan-vending-machine-cards-series-3-green-machoke,
,,Koga's Ninja Trick,Gym Challenge,115,https://www.tcgplayer.com/product/86514/pokemon-gym-challenge-kogas-ninja-trick,
,,Thought Wave Machine,Neo Destiny,96,https://www.tcgplayer.com/product/89898/pokemon-neo-destiny-thought-wave-machine-rockets-secret-machine,
,,Shelmet,Fusion Strike,13,https://www.tcgplayer.com/product/253087/pokemon-swsh08-fusion-strike-shelmet,
,,Chansey,Twilight Masquerade,187,https://www.tcgplayer.com/product/550231/pokemon-sv06-twilight-masquerade-chansey-187-167,
,,Espeon V,Evolving Skies,180,https://www.tcgplayer.com/product/246689/pokemon-swsh07-evolving-skies-espeon-v-alternate-full-art,drawing
,,Hassel,Twilight Masquerade,151,https://www.tcgplayer.com/product/550195/pokemon-sv06-twilight-masquerade-hassel-151-167,
,,Greavard,Scarlet & Violet,214,https://www.tcgplayer.com/product/490073/pokemon-sv01-scarlet-and-violet-base-set-greavard-214-198,plushie
,,Morpeko,Paradox Rift,206,https://www.tcgplayer.com/product/523887/pokemon-sv04-paradox-rift-morpeko-206-182,sweets
,,Influencer's Introduction,Start Deck 100 CoroCiao Version,19,https://www.tcgplayer.com/product/677316/pokemon-japan-mp1-start-deck-100-battle-collection-corociao-version-influencers-introduction,blanket
,,Pokémon Communication,Team Up,152b,https://www.tcgplayer.com/product/216702/pokemon-alternate-art-promos-pokemon-communication-152b-181?Language=English,silhouette
133,Eevee,Snorlax,Wizards Promos,49,https://www.tcgplayer.com/product/89385/pokemon-wotc-promo-snorlax,
,,Shaymin,Unleashed,8,https://www.tcgplayer.com/product/89109/pokemon-unleashed-shaymin,
,,Pokémon Center,BW-P Promos,190,https://www.tcgplayer.com/product/635227/pokemon-japan-bw-p-promotional-cards-pokemon-center-190-bw-p,
,,_____'s Pikachu,BW-P Promos,©2012,,Jumbo
,,Sylveon-EX,Generations,RC21,https://www.tcgplayer.com/product/113763/pokemon-generations-radiant-collection-sylveon-ex,
,,Sylveon-EX,Generations,RC32,https://www.tcgplayer.com/product/113763/pokemon-generations-radiant-collection-sylveon-ex,
,,Sapporo's Pikachu,SM-P Promos,5,https://www.tcgplayer.com/product/598082/pokemon-japan-sm-p-sun-and-moon-promos-sapporos-pikachu-005-sm-p,
,,Zeraora and Friends,SM-P Promos,-,,Jumbo
,,Munna,Unified Minds,88,https://www.tcgplayer.com/product/195020/pokemon-sm-unified-minds-munna,
,,Champions Festival,SM Promos,231,https://www.tcgplayer.com/product/198360/pokemon-sm-promos-champions-festival-sm231-world-championships-2019,
,,Glaceon VMAX,Evolving Skies,209,https://www.tcgplayer.com/product/246756/pokemon-swsh07-evolving-skies-glaceon-vmax-alternate-art-secret,
,,Sylveon VMAX,Evolving Skies,212,https://www.tcgplayer.com/product/246704/pokemon-swsh07-evolving-skies-sylveon-vmax-alternate-art-secret,
,,Paradise Resort,SV Promos,224,https://www.tcgplayer.com/product/649232/pokemon-sv-scarlet-and-violet-promo-cards-paradise-resort-224-world-championships-2025,
,,Poké Kid,Shining Fates,70,https://www.tcgplayer.com/product/232531/pokemon-shining-fates-poke-kid-full-art,costume
,,Penny,Scarlet & Violet,183,https://www.tcgplayer.com/product/488089/pokemon-sv01-scarlet-and-violet-base-set-penny-183-198,backpack
,,Penny,Scarlet & Violet,239,https://www.tcgplayer.com/product/490097/pokemon-sv01-scarlet-and-violet-base-set-penny-239-198,
,,Penny,Scarlet & Violet,252,https://www.tcgplayer.com/product/490041/pokemon-sv01-scarlet-and-violet-base-set-penny-252-198,
,,Clive,Paldean Fates,236,https://www.tcgplayer.com/product/535098/pokemon-sv-paldean-fates-clive-236-091,
,,Penny,Paldean Fates,239,https://www.tcgplayer.com/product/535108/pokemon-sv-paldean-fates-penny,
,,Cassiopeia,Shrouded Fable,56,https://www.tcgplayer.com/product/560367/pokemon-sv-shrouded-fable-cassiopeia-056-064,
,,Cassiopeia,Shrouded Fable,86,https://www.tcgplayer.com/product/560397/pokemon-sv-shrouded-fable-cassiopeia-086-064,
,,Friends in Paldea,Prismatic Evolutions,109,https://www.tcgplayer.com/product/610464/pokemon-sv-prismatic-evolutions-friends-in-paldea-109-131,
,,Friends in Paldea,Prismatic Evolutions,137,https://www.tcgplayer.com/product/610492/pokemon-sv-prismatic-evolutions-friends-in-paldea-137-131,
,,Espeon V,Evolving Skies,180,https://www.tcgplayer.com/product/246689/pokemon-swsh07-evolving-skies-espeon-v-alternate-full-art,drawing
,,Hassel,Twilight Masquerade,151,https://www.tcgplayer.com/product/550195/pokemon-sv06-twilight-masquerade-hassel-151-167,
,,Flareon V,SWSH Promos,179,https://www.tcgplayer.com/product/253414/pokemon-swsh-sword-and-shield-promo-cards-flareon-v-swsh179,picture
,,Cassiopeia,Shrouded Fable,94,https://www.tcgplayer.com/product/560405/pokemon-sv-shrouded-fable-cassiopeia-094-064,phone case
,,Pikachu,SM-P Promos,288,https://www.tcgplayer.com/product/598365/pokemon-japan-sm-p-sun-and-moon-promos-pikachu-288-sm-p,silhouette
,,Iono,Paldea Evolved,269,https://www.tcgplayer.com/product/497689/pokemon-sv02-paldea-evolved-iono-269-193,sweets
,,Morpeko,Paradox Rift,206,https://www.tcgplayer.com/product/523887/pokemon-sv04-paradox-rift-morpeko-206-182,
,,Grookey,MEP Promos,52,,Decorative Curry
,,Floragato,Gem Pack Vol. 5,22 07,,Vee-Vee Pick; this card was only released in Simplified Chinese
134,Vaporeon,Pokémon Center,BW-P Promos,190,https://www.tcgplayer.com/product/635227/pokemon-japan-bw-p-promotional-cards-pokemon-center-190-bw-p,
,,Flareon-EX,Generations,RC28,https://www.tcgplayer.com/product/113748/pokemon-generations-radiant-collection-flareon-ex-full-art,
,,Blastoise-EX,XY Promos,122,https://www.tcgplayer.com/product/118862/pokemon-xy-promos-blastoise-ex-xy122,
,,Sylveon VMAX,Evolving Skies,212,https://www.tcgplayer.com/product/246704/pokemon-swsh07-evolving-skies-sylveon-vmax-alternate-art-secret,
,,Poncho-wearing Eevee,SM-P Promos,137,https://www.tcgplayer.com/product/598214/pokemon-japan-sm-p-sun-and-moon-promos-poncho-wearing-eevee-137-sm-p,costume
,,Blaine's Quiz #1,Gym Heroes,97,https://www.tcgplayer.com/product/83879/pokemon-gym-heroes-blaines-quiz-1,silhouette
135,Jolteon,Pokémon Center,BW-P Promos,190,https://www.tcgplayer.com/product/635227/pokemon-japan-bw-p-promotional-cards-pokemon-center-190-bw-p,
,,Flareon-EX,Generations,RC28,https://www.tcgplayer.com/product/113748/pokemon-generations-radiant-collection-flareon-ex-full-art,
,,Pikachu-EX,XY Promos,124,https://www.tcgplayer.com/product/123436/pokemon-xy-promos-pikachu-ex-xy124,
,,Flareon,T Promos,1,https://www.tcgplayer.com/product/613948/pokemon-japan-t-promotional-cards-flareon,only partially visible
,,Vaporeon,T Promos,2,https://www.tcgplayer.com/product/613949/pokemon-japan-t-promotional-cards-vaporeon,
,,Poncho-wearing Eevee,SM-P Promos,138,https://www.tcgplayer.com/product/598215/pokemon-japan-sm-p-sun-and-moon-promos-poncho-wearing-eevee-138-sm-p,costume
136,Flareon,Pokémon Center,BW-P Promos,190,https://www.tcgplayer.com/product/635227/pokemon-japan-bw-p-promotional-cards-pokemon-center-190-bw-p,
,,Charizard-EX,XY Promos,121,https://www.tcgplayer.com/product/117267/pokemon-xy-promos-charizard-ex-xy121,
,,Vaporeon,T Promos,2,https://www.tcgplayer.com/product/613949/pokemon-japan-t-promotional-cards-vaporeon,only partially visible
,,Poncho-wearing Eevee,SM-P Promos,139,https://www.tcgplayer.com/product/598216/pokemon-japan-sm-p-sun-and-moon-promos-poncho-wearing-eevee-139-sm-p,costume
,,Umbreon V,Evolving Skies,189,https://www.tcgplayer.com/product/246719/pokemon-swsh07-evolving-skies-umbreon-v-alternate-full-art,silhouette
137,Porygon,Porygon-Z,Paradox Rift,214,https://www.tcgplayer.com/product/523895/pokemon-sv04-paradox-rift-porygon-z-214-182,figure
138,Omanyte,Bill's PC,Expansion Sheet 3,-,https://www.tcgplayer.com/product/617517/pokemon-japan-vending-machine-cards-series-3-green-bills-pc,
,,Lileep,Cosmic Eclipse,10,https://www.tcgplayer.com/product/201159/pokemon-sm-cosmic-eclipse-lileep,
,,Aerodactyl V,Lost Origin,180,https://www.tcgplayer.com/product/284122/pokemon-swsh11-lost-origin-aerodactyl-v-alternate-full-art,
,,Mysterious Fossil,Fossil,62,https://www.tcgplayer.com/product/44464/pokemon-fossil-mysterious-fossil,fossil
,,,Legendary Collection,109,https://www.tcgplayer.com/product/87668/pokemon-legendary-collection-mysterious-fossil,
,,,Sandstorm,91,https://www.tcgplayer.com/product/87667/pokemon-sandstorm-mysterious-fossil,
,,Aerodactyl,Expansion Sheet 2,-,https://www.tcgplayer.com/product/617506/pokemon-japan-vending-machine-cards-series-2-red-aerodactyl,
,,Kabuto,Expansion Sheet 2,-,https://www.tcgplayer.com/product/617505/pokemon-japan-vending-machine-cards-series-2-red-kabuto,
,,Omastar,Communication Evolution promo,-,https://www.tcgplayer.com/product/617426/pokemon-japan-unnumbered-promotional-cards-omastar,
,,Larvitar,McDonald's Minimum Pack,18,https://www.tcgplayer.com/product/613945/pokemon-japan-mcdonalds-pokémon-e-minimum-pack-larvitar,
,,Buried Fossil,Skyridge,47,https://www.tcgplayer.com/product/84048/pokemon-skyridge-buried-fossil,
,,Mysterious Fossil,Legend Maker,79,https://www.tcgplayer.com/product/87663/pokemon-legend-maker-mysterious-fossil,
,,,Holon Phantoms,92,https://www.tcgplayer.com/product/87664/pokemon-holon-phantoms-mysterious-fossil,
,,,Power Keepers,85,https://www.tcgplayer.com/product/87665/pokemon-power-keepers-mysterious-fossil,
,,Helix Fossil,Majestic Dawn,91,https://www.tcgplayer.com/product/86057/pokemon-majestic-dawn-helix-fossil,
,,Helix Fossil,Arceus,93,https://www.tcgplayer.com/product/86058/pokemon-arceus-helix-fossil,
,,Helix Fossil Omanyte,Fates Collide,102,https://www.tcgplayer.com/product/117874/pokemon-xy-fates-collide-helix-fossil-omanyte,
,,Pokémon Research Lab,Unified Minds,205,https://www.tcgplayer.com/product/195262/pokemon-sm-unified-minds-pokemon-research-lab,
,,Unidentified Fossil,Astral Radiance,157,https://www.tcgplayer.com/product/272409/pokemon-swsh10-astral-radiance-unidentified-fossil,
,,,Silver Tempest,165,https://www.tcgplayer.com/product/451813/pokemon-swsh12-silver-tempest-unidentified-fossil,
,,Antique Helix Fossil,151,162,https://www.tcgplayer.com/product/516715/pokemon-sv-scarlet-and-violet-151-antique-helix-fossil,
,,Durant,White Flare,150,https://www.tcgplayer.com/product/642264/pokemon-sv-white-flare-durant-150-086,
139,Omastar,Anorith,Silver Tempest,95,https://www.tcgplayer.com/product/451749/pokemon-swsh12-silver-tempest-anorith,
,,Omanyte,151,180,https://www.tcgplayer.com/product/517031/pokemon-sv-scarlet-and-violet-151-omanyte-180-165,
,,Kabutops,Arceus,4,https://www.tcgplayer.com/product/86400/pokemon-arceus-kabutops,only partially visible
,,Dunsparce,Crown Zenith,GG23,https://www.tcgplayer.com/product/478041/pokemon-swsh-crown-zenith-galarian-gallery-dunsparce,model
,,Blaine's Quiz #1,Gym Heroes,97,https://www.tcgplayer.com/product/83879/pokemon-gym-heroes-blaines-quiz-1,silhouette
140,Kabuto,Omanyte,151,180,https://www.tcgplayer.com/product/517031/pokemon-sv-scarlet-and-violet-151-omanyte-180-165,
,,Ruin Wall,Neo Discovery,74,https://www.tcgplayer.com/product/88845/pokemon-neo-discovery-ruin-wall,wall carving
,,Buried Fossil,Skyridge,47,https://www.tcgplayer.com/product/84048/pokemon-skyridge-buried-fossil,fossil
,,Dome Fossil,Majestic Dawn,89,https://www.tcgplayer.com/product/84868/pokemon-majestic-dawn-dome-fossil,
,,Dome Fossil,Arceus,92,https://www.tcgplayer.com/product/84869/pokemon-arceus-dome-fossil,
,,Dome Fossil Kabuto,Fates Collide,96,https://www.tcgplayer.com/product/117868/pokemon-xy-fates-collide-dome-fossil-kabuto,
,,Antique Dome Fossil,151,161,https://www.tcgplayer.com/product/516714/pokemon-sv-scarlet-and-violet-151-antique-dome-fossil,
141,Kabutops,Omastar,Arceus,23,https://www.tcgplayer.com/product/87871/pokemon-arceus-omastar,
,,Mysterious Fossil,Fossil,62,https://www.tcgplayer.com/product/44464/pokemon-fossil-mysterious-fossil,fossil
,,,Legendary Collection,109,https://www.tcgplayer.com/product/87668/pokemon-legendary-collection-mysterious-fossil,
,,,Sandstorm,91,https://www.tcgplayer.com/product/87667/pokemon-sandstorm-mysterious-fossil,
,,Mysterious Fossil,Legend Maker,79,https://www.tcgplayer.com/product/87663/pokemon-legend-maker-mysterious-fossil,
,,,Holon Phantoms,92,https://www.tcgplayer.com/product/87664/pokemon-holon-phantoms-mysterious-fossil,
,,,Power Keepers,85,https://www.tcgplayer.com/product/87665/pokemon-power-keepers-mysterious-fossil,
,,Roxanne,Astral Radiance,150,https://www.tcgplayer.com/product/272402/pokemon-swsh10-astral-radiance-roxanne,
142,Aerodactyl,Poliwrath,Skyridge,H24,https://www.tcgplayer.com/product/88272/pokemon-skyridge-poliwrath-h24,silhouette
,,,Skyridge,26,https://www.tcgplayer.com/product/88273/pokemon-skyridge-poliwrath-26,
,,Dunsparce,Crown Zenith,GG23,https://www.tcgplayer.com/product/478041/pokemon-swsh-crown-zenith-galarian-gallery-dunsparce,model
,,Ruin Wall,Crossing the Ruins...,-,https://www.tcgplayer.com/product/575445/pokemon-japan-crossing-the-ruins-ruin-wall-kabuto,wall carving
,,Roxanne,Crown Zenith,GG66,https://www.tcgplayer.com/product/478096/pokemon-swsh-crown-zenith-galarian-gallery-roxanne,fossil
,,Mysterious Fossil,Fossil,62,https://www.tcgplayer.com/product/44464/pokemon-fossil-mysterious-fossil,
,,,Legendary Collection,109,https://www.tcgplayer.com/product/87668/pokemon-legendary-collection-mysterious-fossil,
,,,Sandstorm,91,https://www.tcgplayer.com/product/87667/pokemon-sandstorm-mysterious-fossil,
,,Omastar,Communication Evolution promo,-,https://www.tcgplayer.com/product/617426/pokemon-japan-unnumbered-promotional-cards-omastar,
,,Buried Fossil,Skyridge,47,https://www.tcgplayer.com/product/84048/pokemon-skyridge-buried-fossil,
,,Mysterious Fossil,Legend Maker,79,https://www.tcgplayer.com/product/87663/pokemon-legend-maker-mysterious-fossil,
,,,Holon Phantoms,92,https://www.tcgplayer.com/product/87664/pokemon-holon-phantoms-mysterious-fossil,
,,,Power Keepers,85,https://www.tcgplayer.com/product/87665/pokemon-power-keepers-mysterious-fossil,
,,Pikachu at the Museum,MEP Promos,-,https://www.tcgplayer.com/product/678659/pokemon-jumbo-cards-pikachu-at-the-museum,fossil; Jumbo
,,Old Amber,Majestic Dawn,84,https://www.tcgplayer.com/product/87848/pokemon-majestic-dawn-old-amber,fossil; Old Amber
,,Old Amber,Arceus,89,https://www.tcgplayer.com/product/87849/pokemon-arceus-old-amber,
,,Old Amber Aerodactyl,Dark Explorers,97,https://www.tcgplayer.com/product/87850/pokemon-dark-explorers-old-amber-aerodactyl,
,,Old Amber Aerodactyl,Fates Collide,106,https://www.tcgplayer.com/product/117877/pokemon-xy-fates-collide-old-amber-aerodactyl,
,,Pokémon Research Lab,Unified Minds,205,https://www.tcgplayer.com/product/195262/pokemon-sm-unified-minds-pokemon-research-lab,
,,Antique Old Amber,151,154,https://www.tcgplayer.com/product/516716/pokemon-sv-scarlet-and-violet-151-antique-old-amber,
,Mega Aerodactyl,Aerodactyl Spirit Link,XY Promos,99,https://www.tcgplayer.com/product/114009/pokemon-xy-promos-aerodactyl-spirit-link-xy99,
143,Snorlax,Challenge!,Team Rocket,74,https://www.tcgplayer.com/product/84159/pokemon-team-rocket-challenge,
,,,Legendary Collection,106,https://www.tcgplayer.com/product/84160/pokemon-legendary-collection-challenge,
,,Sleep!,Team Rocket,79,https://www.tcgplayer.com/product/89301/pokemon-team-rocket-sleep-rockets-secret-machine,
,,Tropical Present,Miscellaneous Promos,early '99,https://www.tcgplayer.com/product/617345/pokemon-japan-pokemon-card-fan-club-tropical-present-summer-1999-jumbo,Jumbo
,,Tropical Present,Miscellaneous Promos,©2001,https://www.tcgplayer.com/product/617346/pokemon-japan-pokemon-card-fan-club-tropical-present-summer-2001-jumbo,Jumbo
,,Ghetsis,Plasma Freeze,101,https://www.tcgplayer.com/product/85694/pokemon-plasma-freeze-ghetsis-team-plasma,
,,Chespin,BREAKthrough,9,https://www.tcgplayer.com/product/107128/pokemon-xy-breakthrough-chespin-9,
,,Chansey,Twilight Masquerade,187,https://www.tcgplayer.com/product/550231/pokemon-sv06-twilight-masquerade-chansey-187-167,
,,Charmander,MEP Promos,38,https://www.tcgplayer.com/product/684462/pokemon-me-mega-evolution-promo-charmander-038,
,,Computer Error,Wizards Promos,16,https://www.tcgplayer.com/product/84414/pokemon-wotc-promo-computer-error-rockets-secret-machine,only partially visible
,,Snorlax Doll,Paradox Rift,175,https://www.tcgplayer.com/product/523856/pokemon-sv04-paradox-rift-snorlax-doll,plushie
,,Arcade Game,Neo Genesis,83,https://www.tcgplayer.com/product/83573/pokemon-neo-genesis-arcade-game-goldenrod-game-corner,picture
,,Arcade Game,"Gold, Silver, to a New World...",-,https://www.tcgplayer.com/product/575828/pokemon-japan-gold-silver-to-a-new-world-arcade-game,
,,Mewtwo V,Pokémon GO,72,https://www.tcgplayer.com/product/274470/pokemon-pokemon-go-mewtwo-v-alternate-full-art,
,,New Century Present,Miscellaneous Promos,-,https://www.tcgplayer.com/product/617341/pokemon-japan-pokemon-card-fan-club-new-century-present,kite; Jumbo
,,Excadrill,Temporal Forces,174,https://www.tcgplayer.com/product/542895/pokemon-sv05-temporal-forces-excadrill-174-162,can
,,Milcery,Stellar Crown,152,https://www.tcgplayer.com/product/567435/pokemon-sv07-stellar-crown-milcery-152-142,bowl
,,Slurpuff,Ascended Heroes,94,https://www.tcgplayer.com/product/675906/pokemon-me-ascended-heroes-slurpuff-094-217,sweets
144,Articuno,Trainer Certification Card,Miscellaneous Promos,-,,
,,Lawrence III,Miscellaneous Promos,-,https://www.tcgplayer.com/product/617234/pokemon-japan-corocoro-promotional-cards-lawrence-iii-jumbo,Jumbo
,,Illusion's Zoroark,2010 Card Design Contest,4th Grade,,
,,Ekans,Hidden Fates,26,https://www.tcgplayer.com/product/197670/pokemon-hidden-fates-ekans-26,
,,Zapdos ex,151,202,https://www.tcgplayer.com/product/517048/pokemon-sv-scarlet-and-violet-151-zapdos-ex-202-165,
,,Gengar,Skyridge,H9,https://www.tcgplayer.com/product/85668/pokemon-skyridge-gengar-h9,statue
,,,Skyridge,10,https://www.tcgplayer.com/product/85669/pokemon-skyridge-gengar-10,
,,Ancient Ruins,Skyridge,119,https://www.tcgplayer.com/product/83552/pokemon-skyridge-ancient-ruins,
,,Raifort,Twilight Masquerade,161,https://www.tcgplayer.com/product/550205/pokemon-sv06-twilight-masquerade-raifort,necklace
,,Raifort,Prismatic Evolutions,142,https://www.tcgplayer.com/product/610497/pokemon-sv-prismatic-evolutions-raifort,
145,Zapdos,Trainer Certification Card,Miscellaneous Promos,-,https://www.tcgplayer.com/product/617310/pokemon-japan-champion-road-trainer-certification-card,
,,Lawrence III,Miscellaneous Promos,-,https://www.tcgplayer.com/product/617234/pokemon-japan-corocoro-promotional-cards-lawrence-iii-jumbo,Jumbo
,,Lucky Stadium,Chūbu World Challenge Promo,-,,
,,Illusion's Zorua,2010 Card Design Contest,2nd Grade,,
,,Hoothoot,Unified Minds,165,https://www.tcgplayer.com/product/195165/pokemon-sm-unified-minds-hoothoot,
,,Illusion's Zoroark,2010 Card Design Contest,4th Grade,,only partially visible
,,Gengar,Skyridge,H9,https://www.tcgplayer.com/product/85668/pokemon-skyridge-gengar-h9,statue
,,,Skyridge,10,https://www.tcgplayer.com/product/85669/pokemon-skyridge-gengar-10,
,,Magneton,Skyridge,H19,https://www.tcgplayer.com/product/87096/pokemon-skyridge-magneton-h19,
,,,Skyridge,20,https://www.tcgplayer.com/product/87090/pokemon-skyridge-magneton-20,
,,Haunter,Skyridge,63,https://www.tcgplayer.com/product/86023/pokemon-skyridge-haunter,
,,Nidoran♀,Skyridge,81,https://www.tcgplayer.com/product/87714/pokemon-skyridge-nidoran-f-81,
,,Ancient Ruins,Skyridge,119,https://www.tcgplayer.com/product/83552/pokemon-skyridge-ancient-ruins,
,,Spark,Pokémon GO,70,https://www.tcgplayer.com/product/276998/pokemon-pokemon-go-spark,necklace
,,Spark,Pokémon GO,85,https://www.tcgplayer.com/product/277020/pokemon-pokemon-go-spark-secret,
,,,SWSH Promos,226,https://www.tcgplayer.com/product/270720/pokemon-swsh-sword-and-shield-promo-cards-spark-swsh226,
146,Moltres,Trainer Certification Card,Miscellaneous Promos,-,https://www.tcgplayer.com/product/617310/pokemon-japan-champion-road-trainer-certification-card,
,,Lawrence III,Miscellaneous Promos,-,https://www.tcgplayer.com/product/617234/pokemon-japan-corocoro-promotional-cards-lawrence-iii-jumbo,Jumbo
,,Illusion's Zoroark,2010 Card Design Contest,4th Grade,,
,,Dwebble,Unified Minds,10,https://www.tcgplayer.com/product/194926/pokemon-sm-unified-minds-dwebble,
,,Zapdos ex,151,202,https://www.tcgplayer.com/product/517048/pokemon-sv-scarlet-and-violet-151-zapdos-ex-202-165,
,,Magneton,Skyridge,H19,https://www.tcgplayer.com/product/87096/pokemon-skyridge-magneton-h19,statue
,,,Skyridge,20,https://www.tcgplayer.com/product/87090/pokemon-skyridge-magneton-20,
,,Nidoran♀,Skyridge,81,https://www.tcgplayer.com/product/87714/pokemon-skyridge-nidoran-f-81,
,,Ancient Ruins,Skyridge,119,https://www.tcgplayer.com/product/83552/pokemon-skyridge-ancient-ruins,
,,Blissey,Pokémon GO,52,https://www.tcgplayer.com/product/276967/pokemon-pokemon-go-blissey,Team Valor logo
,,Candela,Pokémon GO,83,https://www.tcgplayer.com/product/277017/pokemon-pokemon-go-candela-secret,
,,,SWSH Promos,228,https://www.tcgplayer.com/product/270722/pokemon-swsh-sword-and-shield-promo-cards-candela-swsh228,
147,Dratini,Lapras,Southern Islands,12,https://www.tcgplayer.com/product/46469/pokemon-southern-islands-lapras,
,,Tropical Present,Miscellaneous Promos,late '99,https://www.tcgplayer.com/product/617345/pokemon-japan-pokemon-card-fan-club-tropical-present-summer-1999-jumbo,Jumbo
,,New Year Present,Miscellaneous Promos,-,https://www.tcgplayer.com/product/617342/pokemon-japan-pokemon-card-fan-club-new-year-present-jumbo,Jumbo
,,Venusaur,Pokémon Rumble,1,https://www.tcgplayer.com/product/90320/pokemon-rumble-venusaur,
,,Mega Dragonite ex,Ascended Heroes,290,https://www.tcgplayer.com/product/676102/pokemon-me-ascended-heroes-mega-dragonite-ex-290-217,
,,Yungoos,Obsidian Flames,176,https://www.tcgplayer.com/product/509729/pokemon-sv03-obsidian-flames-yungoos,statue
,,Salvatore,Temporal Forces,212,https://www.tcgplayer.com/product/542933/pokemon-sv05-temporal-forces-salvatore-212-162,mug
148,Dragonair,Mega Dragonite ex,Ascended Heroes,290,https://www.tcgplayer.com/product/676102/pokemon-me-ascended-heroes-mega-dragonite-ex-290-217,
,,Chespin,SM-P Promos,260,https://www.tcgplayer.com/product/598337/pokemon-japan-sm-p-sun-and-moon-promos-chespin-260-sm-p,book
,,Inkay,SM-P Promos,261,https://www.tcgplayer.com/product/598338/pokemon-japan-sm-p-sun-and-moon-promos-inkay-261-sm-p,
,,Pikachu at the Museum,MEP Promos,-,https://www.tcgplayer.com/product/678659/pokemon-jumbo-cards-pikachu-at-the-museum,stained glass; Jumbo
149,Dragonite,Onix,Southern Islands,3,https://www.tcgplayer.com/product/46477/pokemon-southern-islands-onix,
,,Tentacruel,Southern Islands,10,https://www.tcgplayer.com/product/46467/pokemon-southern-islands-tentacruel,
,,Tropical Present,Miscellaneous Promos,late '99,https://www.tcgplayer.com/product/617345/pokemon-japan-pokemon-card-fan-club-tropical-present-summer-1999-jumbo,Jumbo
,,New Year Present,Miscellaneous Promos,-,https://www.tcgplayer.com/product/617342/pokemon-japan-pokemon-card-fan-club-new-year-present-jumbo,Jumbo
,,Pokémon Breeder Fields,Neo Revelation,62,https://www.tcgplayer.com/product/88208/pokemon-neo-revelation-pokemon-breeder-fields,
,,Blaziken,Furious Fists,14,https://www.tcgplayer.com/product/92186/pokemon-xy-furious-fists-blaziken,
,,Pikachu,Collection 151,171,,this card was only released in Simplified Chinese
,,Mega Dragonite ex,Ascended Heroes,290,https://www.tcgplayer.com/product/676102/pokemon-me-ascended-heroes-mega-dragonite-ex-290-217,
,,Litten,SM-P Promos,259,https://www.tcgplayer.com/product/598336/pokemon-japan-sm-p-sun-and-moon-promos-litten-259-sm-p,book
,,Roxanne,Astral Radiance,150,https://www.tcgplayer.com/product/272402/pokemon-swsh10-astral-radiance-roxanne,fossil
150,Mewtwo,The Last Cave – Cerulean!,Expansion Sheet 3,-,https://www.tcgplayer.com/product/617556/pokemon-japan-vending-machine-cards-series-3-green-the-last-cave-cerulean,
,,Latias and Latios,J Promos,2,https://www.tcgplayer.com/product/613697/pokemon-japan-j-promotional-cards-latias-and-latios-jumbo,Jumbo
,,X Special,Groundbreakers,8,,
,,Illusion's Zoroark,2010 Card Design Contest,4th Grade,,
,,Battle City,BW Promos,39,https://www.tcgplayer.com/product/83739/pokemon-black-and-white-promos-battle-city-bw39,
,,Charizard VSTAR,SWSH Promos,262,https://www.tcgplayer.com/product/285396/pokemon-swsh-sword-and-shield-promo-cards-charizard-vstar-swsh262,
,,Celebratory Fanfare,MEP Promos,28,https://www.tcgplayer.com/product/681244/pokemon-me-mega-evolution-promo-celebratory-fanfare-ace-trainer,
,,Pikachu,P Promos,44,https://www.tcgplayer.com/product/613724/pokemon-japan-p-promotional-cards-pikachu-044-p,only partially visible
,,No.1 Trainer,Super Secret Battle Promo,-,,silhouette
,,No.2 Trainer,Super Secret Battle Promo,-,,
,,No.3 Trainer,Super Secret Battle Promo,-,,
,,Detective Pikachu,SV-P Promos,98,https://www.tcgplayer.com/product/587856/pokemon-japan-sv-p-promotional-cards-detective-pikachu-098-sv-p,
,Mega Mewtwo X,Mewtwo Spirit Link,BREAKthrough,144,https://www.tcgplayer.com/product/107262/pokemon-xy-breakthrough-mewtwo-spirit-link,
,,Pikachu,XY-P Promos,175,https://www.tcgplayer.com/product/602079/pokemon-japan-xy-p-xy-promos-pikachu-175-xy-p,
,,Flabébé,BREAKthrough,101,https://www.tcgplayer.com/product/107220/pokemon-xy-breakthrough-flabebe,silhouette
,Mega Mewtwo Y,Mewtwo Spirit Link,BREAKthrough,144,https://www.tcgplayer.com/product/107262/pokemon-xy-breakthrough-mewtwo-spirit-link,
,,Pikachu,XY-P Promos,175,https://www.tcgplayer.com/product/602079/pokemon-japan-xy-p-xy-promos-pikachu-175-xy-p,
,,Marowak,BREAKthrough,78,https://www.tcgplayer.com/product/107197/pokemon-xy-breakthrough-marowak,silhouette
151,Mew,Mewtwo Strikes Back,Miscellaneous Promos,-,https://www.tcgplayer.com/product/617243/pokemon-japan-corocoro-promotional-cards-mewtwo-strikes-back-jumbo,Jumbo
,,Lucky Stadium,Hokushin'etsu World Challenge Promo,-,,
,,Victory Orb,Battle Road Promo,-,https://www.tcgplayer.com/product/617295/pokemon-japan-battle-road-victory-orb-2005,
,,Fieldworker,Legend Maker,73,https://www.tcgplayer.com/product/85431/pokemon-legend-maker-fieldworker,
,,Pokémon Fan Club,POP Series 4,9,https://www.tcgplayer.com/product/88226/pokemon-pop-series-4-pokemon-fan-club,
,,Championship Arena,Nintendo Promos,28,https://www.tcgplayer.com/product/84163/pokemon-nintendo-promos-championship-arena-028-2005-world-championships,
,,Seeker,Triumphant,88,https://www.tcgplayer.com/product/89046/pokemon-triumphant-seeker,
,,Illusion's Zoroark,2010 Card Design Contest,4th Grade,,
,,Player's Ceremony,SM-P Promos,398,https://www.tcgplayer.com/product/598475/pokemon-japan-sm-p-sun-and-moon-promos-players-ceremony-398-sm-p,
,,Pikachu,SV Promos,190,https://www.tcgplayer.com/product/562088/pokemon-sv-scarlet-and-violet-promo-cards-pikachu-190,
,,Pikachu,SV-P Promos,153,,this card was only released in Traditional Chinese
,,Pikachu,Collection 151,170,,this card was only released in Simplified Chinese
,,Pidgeot,Southern Islands,2,https://www.tcgplayer.com/product/46476/pokemon-southern-islands-pidgeot,only partially visible